subject,path,textbook,semester,chapter,order,word,meaning,type,explanation,example
数学,公式,初中公式专题,全册,数与代数,1,有理数加法法则,同号取同号并加绝对值，异号取大号相减,formula,同号相加取相同符号并把绝对值相加；异号相加取绝对值较大加数的符号，用大绝对值减小绝对值。,(−3)+(−5)=−8；3+(−5)=−2。
数学,公式,初中公式专题,全册,数与代数,2,有理数乘法法则,同号得正、异号得负，绝对值相乘,formula,两数相乘，同号得正异号得负，并把绝对值相乘；任何数乘 0 得 0。,(−3)×4=−12；(−3)×(−5)=15。
数学,公式,初中公式专题,全册,数与代数,3,乘方,aⁿ 表示 n 个 a 相乘,formula,求 n 个相同因数 a 的积的运算叫乘方，a 是底数，n 是指数。,2³=2×2×2=8。
数学,公式,初中公式专题,全册,数与代数,4,科学记数法,a×10ⁿ（1≤|a|<10）,formula,大数或小数写成 a×10 的整数次幂形式。,3000000=3×10⁶；0.00021=2.1×10⁻⁴。
数学,公式,初中公式专题,全册,数与代数,5,等式性质,等式两边同加同减同乘（非零）仍相等,formula,等式两边同时加、减、乘同一个数（或除以非零数），等式仍成立。,由 x−3=5 得 x=8。
数学,公式,初中公式专题,全册,数与代数,6,一元一次方程,ax+b=0 → x=−b/a,formula,形如 ax+b=0（a≠0）的方程，解为 x=−b/a。,2x+6=0 → x=−3。
数学,公式,初中公式专题,全册,数与代数,7,同类项合并,系数相加字母及指数不变,formula,所含字母相同且相同字母指数也相同的项叫同类项，合并时系数相加。,3x²+5x²=8x²。
数学,公式,初中公式专题,全册,数与代数,8,同底数幂相乘,aᵐ·aⁿ=aᵐ⁺ⁿ,formula,同底数幂相乘，底数不变，指数相加。,a³·a⁴=a⁷。
数学,公式,初中公式专题,全册,数与代数,9,幂的乘方,(aᵐ)ⁿ=aᵐⁿ,formula,幂的乘方，底数不变，指数相乘。,(a³)⁴=a¹²。
数学,公式,初中公式专题,全册,数与代数,10,积的乘方,(ab)ⁿ=aⁿbⁿ,formula,积的乘方等于把每个因式分别乘方再相乘。,(2a)³=8a³。
数学,公式,初中公式专题,全册,数与代数,11,同底数幂相除,aᵐ÷aⁿ=aᵐ⁻ⁿ,formula,同底数幂相除，底数不变，指数相减。,a⁹÷a⁴=a⁵。
数学,公式,初中公式专题,全册,数与代数,12,零指数幂,a⁰=1（a≠0）,formula,任何非零数的零次幂都等于 1。,5⁰=1。
数学,公式,初中公式专题,全册,数与代数,13,负指数幂,a⁻ᵖ=1/aᵖ（a≠0）,formula,负指数表示正指数次幂的倒数。,2⁻³=1/8。
数学,公式,初中公式专题,全册,数与代数,14,二次根式性质,√a²=|a|,formula,二次根式平方等于被开方数，开方结果取绝对值。,√(−3)²=3。
数学,公式,初中公式专题,全册,数与代数,15,一元二次方程求根公式,x=(−b±√(b²−4ac))/(2a),formula,方程 ax²+bx+c=0（a≠0）的判别式 Δ=b²−4ac，根为该式。,x²−5x+6=0 → x=(5±1)/2 → 2 或 3。
数学,公式,初中公式专题,全册,数与代数,16,韦达定理,x₁+x₂=−b/a，x₁x₂=c/a,formula,一元二次方程两根之和与积可由系数直接得出。,x²−5x+6=0 两根和=5、积=6。
数学,公式,初中公式专题,全册,数与代数,17,一次函数,y=kx+b（k≠0）,formula,形如 y=kx+b 的函数，图像是一条直线。,"y=2x+1 是过 (0,1) 斜率为 2 的直线。"
数学,公式,初中公式专题,全册,数与代数,18,正比例函数,y=kx（k≠0）,formula,一次函数 b=0 时为正比例函数，图像过原点。,y=3x 过原点。
数学,公式,初中公式专题,全册,数与代数,19,反比例函数,y=k/x（k≠0）,formula,形如 y=k/x 的函数，图像是双曲线。,y=6/x。
数学,公式,初中公式专题,全册,数与代数,20,二次函数,y=ax²+bx+c（a≠0）,formula,最高次为二次的多项式函数，图像是抛物线。,y=x²−2x 是开口向上的抛物线。
数学,公式,初中公式专题,全册,数与代数,21,二次函数顶点,顶点(−b/2a，(4ac−b²)/4a),formula,抛物线顶点横坐标 x=−b/2a，代入得纵坐标。,y=x²−2x 顶点=(1，−1)。
数学,公式,初中公式专题,全册,数与代数,22,利润问题,利润=售价−进价；利润率=利润/进价,formula,商品利润等于售价减进价，利润率用利润除以进价。,进价 80 售 100，利润=20，率=25%。
数学,公式,初中公式专题,全册,数与代数,23,增长率,现量=基量×(1+r)ⁿ,formula,每期增长率 r，经过 n 期后现量=基量乘 (1+r) 的 n 次方。,基量 100 增 10% 两期后=100×1.1²=121。
数学,公式,初中公式专题,全册,图形与几何,24,三角形内角和,三角形内角和=180°,formula,任意三角形三个内角的和恒为 180°。,两角 60°、50°，第三角=70°。
数学,公式,初中公式专题,全册,图形与几何,25,多边形内角和,（n−2）×180°,formula,n 边形内角和等于 (n−2) 个 180°。,五边形内角和=(5−2)×180=540°。
数学,公式,初中公式专题,全册,图形与几何,26,多边形外角和,360°,formula,任意凸多边形外角和恒为 360°。,三角形外角和=360°。
数学,公式,初中公式专题,全册,图形与几何,27,勾股定理,a²+b²=c²,formula,直角三角形中两直角边的平方和等于斜边平方。,直角边 3、4，斜边=5。
数学,公式,初中公式专题,全册,图形与几何,28,勾股定理逆定理,若 a²+b²=c² 则为直角三角形,formula,三边满足两短边平方和等于最长边平方，则该三角形为直角三角形。,边长 5、12、13 可构成直角三角形。
数学,公式,初中公式专题,全册,图形与几何,29,全等三角形判定,SSS、SAS、ASA、AAS、HL,formula,三边、两边夹角、两角夹边、两角及对边、直角斜边直角边可判定全等。,两边及夹角相等则两三角形全等。
数学,公式,初中公式专题,全册,图形与几何,30,相似三角形性质,周长比=相似比；面积比=相似比²,formula,相似图形对应线段比等于相似比，面积比等于相似比的平方。,相似比 2，面积比=4。
数学,公式,初中公式专题,全册,图形与几何,31,锐角三角函数,sinA=对边/斜边，cosA=邻边/斜边，tanA=对边/邻边,formula,直角三角形中锐角 A 的正弦、余弦、正切定义。,对边 3 斜边 5，sinA=3/5。
数学,公式,初中公式专题,全册,图形与几何,32,特殊角三角函数,sin30=1/2，cos30=√3/2，tan30=√3/3；sin45=√2/2；sin60=√3/2,formula,30°、45°、60° 的三角函数值需熟记。,sin30°=0.5。
数学,公式,初中公式专题,全册,图形与几何,33,弧长公式,l=nπr/180,formula,n° 圆心角所对的弧长等于 nπ 乘半径除以 180。,半径 9、圆心角 120°，弧长=120×3.14×9/180≈18.84。
数学,公式,初中公式专题,全册,图形与几何,34,扇形面积,S=nπr²/360,formula,圆心角为 n° 的扇形面积。,半径 6、圆心角 90°，面积=90×3.14×36/360≈28.26。
数学,公式,初中公式专题,全册,图形与几何,35,两点间距离,d=√[(x₂−x₁)²+(y₂−y₁)²],formula,平面直角坐标系中两点距离公式。,"(0,0) 与 (3,4) 距离=5。"
数学,公式,初中公式专题,全册,图形与几何,36,中点坐标,((x₁+x₂)/2，(y₁+y₂)/2),formula,两点连线中点的横纵坐标是各自坐标的平均数。,"(2,4) 与 (6,8) 中点=(4,6)"。
数学,公式,初中公式专题,全册,图形与几何,37,平行线性质,同位角相等、内错角相等、同旁内角互补,formula,两直线平行时三组角的关系。,平行则同位角必相等。
数学,公式,初中公式专题,全册,统计与概率,38,方差,s²=[(x₁−x̄)²+…+(xₙ−x̄)²]/n,formula,方差反映一组数据波动大小，越大越不稳定。,数据 2、4、6 方差=8/3≈2.67。
数学,公式,初中公式专题,全册,统计与概率,39,概率定义,P(A)=m/n,formula,事件 A 发生的概率=有利结果数÷所有可能结果数。,掷骰子得偶数 P=3/6=1/2。
数学,公式,初中公式专题,全册,统计与概率,40,频率估计概率,大量重复试验频率稳定于概率,formula,试验次数足够多时，事件频率可估计其概率。,抛币千次正面频率≈0.5。
