point,path,stem,optionA,optionB,optionC,optionD,answer,note
加法结合律,公式,计算 37+58+42 最简便的一步是,先算 58+42=100 再加 37,先算 37+58=95 再加 42,先算 37+42=79 再加 58,先算 42+37=79 再加 58,A,凑成整百的两个数先加：37+(58+42)=37+100=137
乘法交换律,公式,计算 25×17×4 最简便的一步是,先算 25×17=425,先算 25×4=100,先算 17×4=68,按 25×17×4 的顺序依次相乘,B,交换 17 与 4 的位置凑整：25×4×17=100×17=1700
乘法结合律,公式,与 (13×25)×4 相等且只运用乘法结合律的算式是,(13+25)×4,13×(25+4),13×(25×4),13×25+4,C,结合律只改变相乘的先后顺序不改变因数的位置
减法性质,公式,156−48−52 的简便算法是,156−(48−52),156−48+52,156−52+48,156−(48+52),D,连续减去两个数等于减去它们的和：156−100=56
除法性质,公式,280÷7÷4 等于,280÷(7×4),280÷7×4,280÷(7÷4),280÷4×7,A,连续除以两个数等于除以它们的积：280÷28=10
长方形周长,公式,长 12 厘米、宽 5 厘米的长方形，周长是,17 厘米,34 厘米,60 厘米,24 厘米,B,周长=(长+宽)×2=(12+5)×2=34
正方形面积,公式,边长 9 厘米的正方形，面积是,36 平方厘米,18 平方厘米,81 平方厘米,9 平方厘米,C,面积=边长×边长=9×9=81
路程问题,公式,一辆车每小时行 60 千米，行驶 2.5 小时，路程是,24 千米,62.5 千米,120 千米,150 千米,D,路程=速度×时间=60×2.5=150
价格问题,公式,笔记本每本 8 元，买 15 本应付,120 元,23 元,128 元,105 元,A,总价=单价×数量=8×15=120
工程问题,公式,一项工程甲队单独做 10 天完成，平均每天完成这项工程的,10,1/10,1/5,1,B,把总量看作单位 1，工作效率=1÷10=1/10
平均数,公式,五个数 3、5、7、9、11 的平均数是,6,8,7,35,C,平均数=总和÷个数=(3+5+7+9+11)÷5=35÷5=7
和差问题,公式,两个数的和是 30，差是 6，较大的那个数是,24,36,12,18,D,大数=(和+差)÷2=(30+6)÷2=18
植树问题（两端都栽）,公式,一条 20 米的小路，每 5 米栽一棵树，两端都栽，一共栽,5 棵,4 棵,6 棵,3 棵,A,间隔数=20÷5=4，两端都栽时棵数=间隔数+1=5
植树问题（两端不栽）,公式,一条 20 米的小路，每 5 米栽一棵树，两端都不栽，一共栽,4 棵,3 棵,5 棵,6 棵,B,间隔数=4，两端都不栽时棵数=间隔数−1=3
植树问题（封闭）,公式,圆形池塘一周长 40 米，每 5 米栽一棵树，一共栽,7 棵,9 棵,8 棵,40 棵,C,封闭路线上棵数=间隔数=40÷5=8
平行四边形面积,公式,底 8 厘米、高 5 厘米的平行四边形，面积是,13 平方厘米,26 平方厘米,20 平方厘米,40 平方厘米,D,面积=底×高=8×5=40
正方体表面积,公式,棱长 3 厘米的正方体，表面积是,54 平方厘米,27 平方厘米,9 平方厘米,36 平方厘米,A,表面积=6×棱长²=6×9=54
正方体体积,公式,棱长 4 厘米的正方体，体积是,16 立方厘米,64 立方厘米,48 立方厘米,12 立方厘米,B,体积=棱长³=4×4×4=64
长方体表面积,公式,长 5、宽 4、高 3 的长方体，表面积是,60,47,94,120,C,表面积=2×(长×宽+宽×高+长×高)=2×(20+12+15)=94
圆柱侧面积,公式,底面半径 2 厘米、高 5 厘米的圆柱，侧面积约是（π取3.14）,125.6 平方厘米,31.4 平方厘米,20 平方厘米,62.8 平方厘米,D,侧面积=底面周长×高=2×3.14×2×5=62.8
圆柱表面积,公式,底面半径 1 厘米、高 4 厘米的圆柱，表面积约是（π取3.14）,31.4 平方厘米,25.12 平方厘米,12.56 平方厘米,37.68 平方厘米,A,表面积=2×底面积+侧面积=6.28+25.12=31.4
平均数（加权）,公式,男生 5 人平均 80 分，女生 5 人平均 90 分，全班平均分是,84,85,86,87.5,B,总分为 80×5+90×5=850，850÷10=85（人数相等时等于两平均数的平均）
可能性,公式,下列事件中，概率等于 1 的是,抛硬币正面朝上,明天会下雨,太阳从东方升起,买彩票中一等奖,C,必然发生的事件概率为 1
有理数加法法则,公式,(-8)+(-5) 的结果是,3,-3,13,-13,D,同号相加取相同符号并把绝对值相加：8+5=13
有理数乘法法则,公式,(-6)×(-7) 的结果是,42,-42,-13,13,A,同号得正并把绝对值相乘：6×7=42
乘方,公式,-2² 的值是,4,-4,-2,0,B,易错：-2² 表示 -(2²)=-4，只有 (-2)² 才等于 4
科学记数法,公式,0.00032 用科学记数法表示为,32×10^-5,3.2×10^-3,3.2×10^-4,0.32×10^-3,C,小数点向右移动 4 位得到 3.2，故指数为 -4
等式性质,公式,由 3x=12 得到 x=4，依据的是,把 3 从左边移到右边,等式两边同时减去 3,等式两边同时乘以 3,等式两边同时除以 3,D,等式两边同时除以同一个非零数，等式仍然成立
一元一次方程,公式,方程 2x-3=7 的解是,x=5,x=2,x=4,x=-5,A,移项得 2x=10，解得 x=5
同类项合并,公式,与 3x²y 是同类项的是,3xy²,-5x²y,3x²,2xy,B,所含字母相同且相同字母的指数也相同才是同类项
积的乘方,公式,(2a)³ 等于,6a³,2a³,8a³,8a,C,把每个因式分别乘方再相乘：2³×a³=8a³
零指数幂,公式,(-3)⁰ 的值是,0,-1,-3,1,D,任何非零数的零次幂都等于 1
负指数幂,公式,2⁻² 等于,1/4,-4,4,-1/4,A,负指数表示正指数次幂的倒数：2⁻²=1/2²=1/4
二次根式性质,公式,√((-5)²) 的值是,-5,5,25,±5,B,先平方得 25 再开方，二次根式的结果取非负值
正比例函数,公式,下列函数中，是正比例函数的是,y=2/x,y=2x+1,y=2x,y=x²,C,形如 y=kx（k≠0）的函数是正比例函数，图像过原点
反比例函数,公式,反比例函数 y=6/x 中，当 x=2 时 y 的值是,8,12,1/3,3,D,y=6÷2=3
二次函数,公式,抛物线 y=x²-2x-3 的对称轴是,直线 x=1,直线 x=-1,直线 x=2,y 轴,A,对称轴 x=-b/(2a)=2/2=1
利润问题,公式,一件商品进价 80 元，售价 100 元，利润率是,20%,25%,80%,125%,B,利润=100-80=20，利润率=利润÷进价=20÷80=25%（易错：除以售价）
增长率,公式,基数为 100，每期增长 10%，连续增长两期后是,120,110,121,102,C,100×(1+10%)²=100×1.21=121（易错：把两期直接加成 20%）
多边形外角和,公式,任意凸多边形的外角和是,180°,与边数有关,540°,360°,D,外角和恒为 360°，与边数无关
勾股定理逆定理,公式,下列三边能构成直角三角形的是,6、8、10,5、6、7,4、5、6,7、8、9,A,6²+8²=36+64=100=10²，满足两短边平方和等于最长边平方
全等三角形判定,公式,下列条件中，不能判定两个三角形全等的是,三条边对应相等,三个角对应相等,两边及其夹角对应相等,两角及其夹边对应相等,B,角角角只能判定相似，形状相同但大小不一定相同
相似三角形性质,公式,两个相似三角形的相似比是 2:3，它们的面积比是,2:3,3:2,4:9,8:27,C,面积比等于相似比的平方：2²:3²=4:9
中点坐标,公式,点 A(1、2) 与点 B(5、6) 连线的中点坐标是,(4、4),(2、3),(6、8),(3、4),D,中点的横纵坐标分别是两端点对应坐标的平均数
平行线性质,公式,两条平行直线被第三条直线所截，同位角,相等,互补,互余,和为 360°,A,两直线平行时同位角相等、内错角相等、同旁内角互补
方差,公式,关于方差，下列说法正确的是,方差越大，数据越稳定,方差越大，数据波动越大,方差一定是正数,方差的大小与数据无关,B,方差反映一组数据的波动大小，方差越小越稳定（方差可以为 0）
频率估计概率,公式,抛一枚硬币 1000 次，正面朝上 498 次，正面朝上的频率是,0.5,498,0.498,0.05,C,频率=498÷1000=0.498，试验次数足够多时可用它估计概率
