word,chapter,explanation,example
两条直线相交,相交线与平行线,两条直线相交只得到一个交点，同时形成四个角。其中不相邻的两个角叫对顶角，对顶角一定相等；相邻的两个角互补（和为 180°）。判断对顶角的关键是「顶点相同、两边互为反向延长线」，不要只看「看起来对着」。,两条直线相交，若其中一个角是 65°，则它的对顶角也是 65°，与它相邻的两个角都是 115°。
两条直线垂直,相交线与平行线,两条直线相交成直角时互相垂直，记作 a ⊥ b。垂直是相交的特殊情况，交点叫垂足。从直线外一点向这条直线作垂线，垂线段的长度就是这点到直线的距离——「垂线段最短」。,从点 P 向直线 l 作垂线，垂足为 O，则线段 PO 的长度就是点 P 到直线 l 的距离；长方形的邻边互相垂直，夹角是 90°。
平行线判定,相交线与平行线,在同一平面内不相交的两条直线叫平行线。判定两条直线平行靠角的关系：同位角相等、内错角相等、同旁内角互补，满足其中一条就能判定两直线平行。注意「在同一平面内」不能省掉——不在同一平面内的两条直线既不相交也不平行。,直线 a、b 被直线 c 所截，若一对同位角都是 70°，则 a ∥ b；若一对同旁内角分别是 110° 和 70°，和为 180°，也能判定 a ∥ b。
平行线性质,相交线与平行线,性质与判定的方向正好相反：已知两直线平行，推出角的关系——两直线平行，同位角相等、内错角相等、同旁内角互补。判定是「由角推平行」，性质是「由平行推角」，做题时先看清题目给的是哪一头，两者不要混用。,已知 a ∥ b，一条截线与它们相交。若一个同位角是 50°，则对应的内错角也是 50°，同旁内角是 130°（两者互补）。
平移,相交线与平行线,平移是把图形沿某个方向整体移动一段距离，移动后图形的形状和大小都不变，只是位置变了。平移前后对应点的连线互相平行（或在同一条直线上）且长度相等。电梯升降、缆车运行、传送带上的物体都是平移。,把三角形 ABC 沿箭头方向平移 3 厘米得到三角形 A′B′C′，则 AA′ = BB′ = CC′ = 3 厘米，且两个三角形完全重合（全等）。
平方根,实数,若 x² = a（其中 a ≥ 0），则 x 叫做 a 的平方根。正数有两个平方根，它们互为相反数；0 的平方根是 0；负数没有平方根。其中正的那个叫算术平方根，记作 √a。做题时最容易漏掉负的那个根，要特别注意。,9 的平方根是 ±3（因为 3² = 9 且 (−3)² = 9），其中算术平方根是 3；−4 没有平方根。
立方根,实数,若 x³ = a，则 x 叫做 a 的立方根，记作 ∛a。与平方根不同，任何数都有且只有一个立方根：正数的立方根是正数，负数的立方根是负数，0 的立方根是 0。立方根前面没有「±」。,8 的立方根是 2；−8 的立方根是 −2；0 的立方根是 0。
实数及其运算,实数,有理数（整数和分数）与无理数（无限不循环小数，如 √2、π）统称实数。实数与数轴上的点一一对应，每个实数都能在数轴上找到唯一的位置。运算规律与有理数一致；结果带根号时通常保留根号形式，不必化成小数。,√2 ≈ 1.414，是无限不循环小数，属于无理数；√4 = 2 是有理数。在实数范围内，√2 + 1 一般就写成 √2 + 1。
平面直角坐标系,平面直角坐标系,两条互相垂直且有公共原点的数轴组成平面直角坐标系。水平的叫 x 轴，竖直的叫 y 轴，交点是原点 O(0，0)。两轴把平面分成四个象限，按逆时针方向依次为第一、二、三、四象限——从右上角开始数，不是从左下角。,点 P(3，−2) 横坐标为正、纵坐标为负，落在第四象限；点 (−4，0) 的纵坐标是 0，在 x 轴上，不属于任何象限。
用坐标表示位置,平面直角坐标系,平面内一点的位置用一对有序数对 (x，y) 表示：x 是横坐标（离 y 轴的距离，向右为正、向左为负），y 是纵坐标（离 x 轴的距离，向上为正、向下为负）。顺序不能颠倒——(3，5) 和 (5，3) 是两个不同的点。,影院座位「3 排 5 座」记作 (3，5)，那么 (5，3) 就表示 5 排 3 座。点 A 在原点右边 3 个单位、上边 4 个单位，坐标是 (3，4)。
用坐标表示平移,平面直角坐标系,点的平移直接在坐标上加减就行：向右平移 a 个单位横坐标加 a，向左减 a；向上平移 b 个单位纵坐标加 b，向下减 b。口诀是「右加左减、上加下减」，横纵两个方向互不影响，可以分开算。,把点 A(2，3) 向右平移 3 个单位得到 (5，3)，再向上平移 2 个单位得到 (5，5)。把点 (1，2) 先向右移 2 个单位、再向上移 3 个单位，结果是 (3，5)。
二元一次方程组,二元一次方程组,含有两个未知数、并且含未知数的项的次数都是 1 的方程叫二元一次方程；把两个这样的方程合在一起就是二元一次方程组。同时满足两个方程的一对数 (x，y) 才是它的解，所以解是一对数而不是一个数。解方程组的基本思路是「消元」——把两个未知数化成一个。,方程组 x + y = 5、x − y = 1 的解是 x = 3 且 y = 2，因为把这对数分别代入两个方程都成立。
代入消元法,二元一次方程组,解二元一次方程组的基本方法之一。先从一个方程里把某个未知数用另一个表示出来（例如由 x + y = 5 得 x = 5 − y），再把它代入另一个方程，这样就只剩一个未知数，解出来后再回代求另一个。关键检查：代入后的式子里必须只含一个未知数，否则说明代入没做干净。,解方程组 x + y = 5、x − y = 1。由第一式得 x = 5 − y，代入第二式得 (5 − y) − y = 1，解得 y = 2，回代得 x = 3。所以方程组的解是 x = 3 且 y = 2。
加减消元法,二元一次方程组,当两个方程中同一个未知数的系数相同或互为相反数时，把两式直接相减或相加，就能消掉这个未知数。若系数不同，先给某个方程两边同乘一个数，把系数配成相同或互为相反数，再相加减。系数整齐时它比代入法更快。,解方程组 2x + y = 7、x + y = 4。两式相减消去 y，得 x = 3；再把 x = 3 代入 x + y = 4 得 y = 1。所以解是 x = 3 且 y = 1。
实际问题,二元一次方程组,用方程组解应用题的步骤是：设两个未知数、找出两个等量关系、列出方程组、解方程组、写答案并检验是否符合实际。难点在找等量关系——题目里通常有两句「一共」「相差」「是……的几倍」这样的话，一句话对应一个方程。,鸡兔同笼问题：共 35 个头、94 只脚。设鸡 x 只、兔 y 只，则 x + y = 35、2x + 4y = 94，解得 x = 23 且 y = 12，即鸡 23 只、兔 12 只。
不等式,不等式与不等式组,用不等号（>、<、≥、≤、≠）表示大小关系的式子叫不等式。使不等式成立的未知数的值叫它的解，所有解组成解集。与方程不同，不等式通常有无穷多个解，所以答案往往是一个范围，需要在数轴上表示出来。,不等式 x > 3 的解是所有大于 3 的数，在数轴上从 3 向右画，3 处画空心圆圈（表示不含 3）；若写成 x ≥ 3，则 3 处画实心圆点。
不等式性质,不等式与不等式组,不等式两边同时加或减同一个数，不等号方向不变；两边同时乘或除以同一个正数，方向也不变；但两边同时乘或除以一个负数，不等号必须反向。这一条是最容易出错的地方，也是解不等式与解方程最大的区别。,由 −2x > 4，两边同时除以 −2，不等号反向，得 x < −2。写成 x > −2 是最常见的错误。
一元一次不等式,不等式与不等式组,只含一个未知数、且未知数的次数是 1 的不等式叫一元一次不等式，如 2x + 1 > 5。解法与解一元一次方程几乎相同：去分母、去括号、移项、合并同类项、系数化为 1。唯一区别在最后一步——若两边同除以负数，不等号要反向。答案写成 x > a 或 x < a 的形式。,解 2x + 1 > 5：移项得 2x > 4，两边同除以 2（正数，方向不变），得 x > 2。
一元一次不等式组,不等式与不等式组,几个一元一次不等式合在一起就是一元一次不等式组，它的解集是各个不等式解集的公共部分（必须同时满足）。求法是在同一条数轴上把每个解集都画出来，取重叠的那一段；如果各段没有重叠，这个不等式组就无解。,解不等式组 x > 1、x < 4，两段在数轴上的重叠部分是 1 < x < 4；若换成 x > 4、x < 1，两段不重叠，不等式组无解。
全面调查,数据的收集与整理,对考察对象中的每一个个体都进行调查，叫全面调查（也叫普查）。优点是结果准确、数据完整；缺点是费时费力，有时根本做不到（比如检测一批灯泡的寿命，测完灯泡就报废了）。所以只在对象数量少、或要求结果绝对准确时才使用。,全国人口普查是全面调查；班里统计同学的身高，人数少，也适合用全面调查。
抽样调查,数据的收集与整理,从总体中抽取一部分个体进行调查，用样本的情况去估计总体，叫抽样调查。关键是样本要有代表性——不能只挑容易问的对象，也不能集中挑某一类人。样本容量太小或者有偏向，估计出来的结果就会失真。,要了解全校学生的视力情况，从每个年级随机抽取若干名学生检测，就是抽样调查。如果只在校医室门口问来看病的同学，样本偏向视力有问题的人，结果就不可靠。
直方图,数据的收集与整理,直方图用来表示连续数据的频数分布：横轴是数据分组（各组组距相同），纵轴是频数，每个小长方形的面积代表落在该组的频数。它与条形图不同——条形图的横轴是并列的类别，直方图的横轴是连续区间，相邻长方形之间没有空隙。,把全班 50 人的成绩按 60～70、70～80、80～90 分组，画出各组人数对应的小长方形，就是成绩分布直方图。最高的那个长方形说明这一分数段的人最多。
﻿正数和负数,有理数,正数前面通常省略「+」，负数前面的「−」却不能省。0 是正负的分界点，它既不是正数也不是负数，这一点最容易被忽略。判断一个数的正负只看符号，与它绝对值的大小无关。另外「−」在不同语境里可以表示负号也可以表示减号，要分清。,气温零下 3℃ 记作 −3℃；若收入 200 元记作 +200 元，那么支出 50 元就记作 −50 元。
有理数,有理数,整数（正整数、0、负整数）和分数（正分数、负分数）统称有理数。有限小数和无限循环小数都能写成分数，所以它们也是有理数。分类时最容易漏掉 0 —— 0 是整数，当然是有理数，写「有理数包括正数和负数」就错了。,−2、0、1/2、0.25、0.333…（即 1/3）都是有理数；把它们分类时 0 要单独归到整数里。
数轴,有理数,数轴必须同时具备三要素：原点、正方向、单位长度，缺一不可。单位长度要画得均匀，正方向用箭头指向右边标出。任何一个有理数都能在数轴上找到唯一的点来表示，越靠右的数越大，所以比较大小借助数轴最直观。,在数轴上 −2 位于原点左边 2 个单位处，2.5 位于原点右边 2.5 个单位处；比较 −2 与 −3 时，−2 在 −3 右边，所以 −2 大于 −3。
相反数,有理数,互为相反数的两个数在数轴上位于原点两侧、到原点的距离相等。求相反数只改符号：正数变负、负数变正。特别注意 0 的相反数是 0 本身，它也是唯一一个相反数等于自身的数。化简多重符号时数负号的个数，奇数个结果为负、偶数个为正。,3 的相反数是 −3；−(−5) 化简后是 5；−(+2) 化简后是 −2。
绝对值,有理数,绝对值表示数轴上一个数到原点的距离，所以结果一定不小于 0，这是最容易忘的一点。求法看符号：正数和 0 的绝对值是它本身，负数的绝对值是它的相反数。绝对值等于某个正数的数有两个，它们互为相反数。去掉绝对值符号前要先判断里面是正还是负。,|−5| = 5；|3| = 3；|0| = 0。绝对值等于 4 的数有 4 和 −4 两个。
有理数大小比较,有理数,比较顺序是先分正负：正数大于 0、0 大于负数。两个都是负数时，绝对值大的那个反而更小 —— 这一点最反直觉，用数轴看就是「越靠左越小」。比较分数时先通分或化成小数再比，不要凭感觉。,−2 大于 −5，因为 |−2| = 2 小于 |−5| = 5。−1/2 小于 −1/3，因为通分后 3/6 大于 2/6，取负后大小关系翻转。
有理数加法,有理数的运算,法则分两步：先定符号、再算绝对值。同号相加符号不变、绝对值相加；异号相加取绝对值较大的那个加数的符号，再用较大的绝对值减去较小的。互为相反数的两个数相加得 0。带分数相加可以把整数部分和分数部分分开算。,同号：(−3)+(−5) = −8，绝对值 3+5=8、取负号。异号：(−7)+4 = −3，因为 7 的绝对值大所以取负号，7−4=3。
有理数减法,有理数的运算,减法一律先转成加法再算，这样只需记住加法法则，不必再背一套减法规则。转化时有两处同时要变：减号变加号、减数变成它的相反数。建议下笔前先把式子完整写成加法形式，能避免符号写错这类最常见的失误。,3−(−2) = 3+2 = 5；(−4)−6 = (−4)+(−6) = −10。
有理数乘法,有理数的运算,先定符号再算绝对值：两数同号积为正、异号积为负。参与相乘的数多于两个时，看负因数的个数 —— 奇数个结果为负、偶数个结果为正。任何数与 0 相乘都得 0。计算时可以用交换律把好算的因数先乘在一起。,两数：(−3)×4 = −12、(−3)×(−4) = 12。多个数：(−1)×(−2)×(−3) = −6，因为有 3 个负因数所以结果为负。
有理数除法,有理数的运算,除法同样先定符号（同号得正、异号得负），再把除数取它的倒数转成乘法。要牢记除数不能为 0，0 也没有倒数。分数化简和约分本质上都是除法。计算时先约分再乘，数字会小很多、也更不容易算错。,6÷(−2) = 6×(−1/2) = −3；(−12)÷(−4) = 3。注意 5÷0 没有意义，不能写成任何数。
乘方,有理数的运算,乘方是求 n 个相同因数积的运算，记作 aⁿ，a 叫底数、n 叫指数。要严格分清 (−2)⁴ 与 −2⁴ 这两个式子：(−2)⁴ 是 4 个 −2 相乘、结果为 16，而 −2⁴ 是 2⁴ 的相反数、结果为 −16。负数的偶次幂为正，奇次幂为负。,2³ = 2×2×2 = 8；(−2)⁴ = 16；−2⁴ = −16；(−2)³ = −8。
科学记数法,有理数的运算,把一个绝对值较大的数写成 a×10ⁿ 的形式，其中 a 满足 1 小于等于 |a| 小于 10，n 为正整数。n 的值等于原数的整数位数减 1，也可以数小数点向左移动了几位。注意 a 不能写成 30 这样超出范围的数，否则就不符合科学记数法的要求。,3000000 的整数部分有 7 位，所以写成 3×10⁶；123000 写成 1.23×10⁵。
近似数,有理数的运算,四舍五入到哪一位，就看它后面那一位的数字：大于等于 5 就向前进 1、小于 5 就舍去。近似数要说清精确到哪一位，注意 2.0 和 2 表示的精密度不同 —— 2.0 精确到十分位，2 精确到个位。生活中很多数据本身就是近似数，答题时要看清题目要求的精确度。,3.14159 精确到百分位是 3.14；0.034 精确到 0.01 是 0.03。π 取 3.14 时 3.14 就是它的近似数。
列代数式,代数式,列代数式就是把文字描述的数量关系翻译成式子，关键是把「和、差、积、商、多、少、几倍、几分之几」对应到相应的运算。书写要规范：数字写在字母前面（写 3a 不写 a3）、除号写成分数线、带分数化成假分数。式子后面带单位时，要看整个式子是否需要用括号括起来。,苹果单价 a 元买 3 斤，应付 3a 元；比 x 的 2 倍多 5 的数是 2x+5；比 m 的 1/3 少 2 的数是 m/3−2。
代数式的值,代数式,求值就是把式子里的字母换成给定的数再算，替换时一定要给代入的负数或分数加上括号 —— 把 a = −2 代入 a² 必须写成 (−2)²。同一个字母在式子里出现多次，必须换成同一个数，换一半是典型错误。代入后再按先乘方、再乘除、最后加减的顺序计算。,a = 2 时 2a+1 = 2×2+1 = 5；a = −3 时 a² 要算成 (−3)² = 9，写成 −3² = −9 就错了。
整式,整式的加减,单项式是数字与字母的乘积，其中的数字因数叫系数，所有字母的指数之和叫次数。几个单项式的和叫多项式，次数最高的那一项的次数就是整个多项式的次数。判断时要留意分母里含有字母的式子不是整式，单独一个数或一个字母也是单项式。,3x 是单项式，系数为 3、次数为 1；x²+1 是多项式，次数为 2；1/x 因为分母含字母，不是整式。
整式的加法与减法,整式的加减,加减法的核心是合并同类项：字母和字母的指数都相同才能合并，合并时只把系数相加减。去括号要盯住括号前面的符号，括号前是「−」时去掉括号后里面每一项都要变号，这是本知识点考错最多的地方。计算完按某个字母的降幂排列，答案更规范。,合并同类项：3x+2x = 5x。去括号：2a−(a−3) = 2a−a+3 = a+3，注意括号里的 −3 也要变号。
方程,一元一次方程,方程必须同时满足两个条件：含有未知数、并且是等式。所以 x+2 只是代数式，不是方程；3+5 = 8 是等式但没有未知数，也不是方程。方程表达的是已知量与未知量之间的等量关系，列方程的过程就是从题目里把这个关系找出来。,x+2 = 5 是方程；5−3 = 2 只是等式；2x 大于 3 是不等式，它们都不是方程。
等式的性质,一元一次方程,等式两边同时加或减同一个数、同时乘同一个数、同时除以同一个不为 0 的数，等式仍然成立，这是解方程的全部依据。要特别注意除数的限制：0 不能作除数，所以「同时除以 0」是无效操作。变形时两边必须做同样的操作，只动一边等式就被破坏了。,由 x−1 = 3，两边同时加 1 得 x = 4；由 2x = 6，两边同时除以 2 得 x = 3；由 x/2 = 5，两边同时乘 2 得 x = 10。
解一元一次方程,一元一次方程,一般步骤依次是去分母、去括号、移项、合并同类项、系数化为 1。移项时被移动的项必须变号，这是第一步最容易出错的地方；去分母时方程两边每一项都要乘同一个数，千万不要漏掉不含分母的项。解完把答案代回原方程验算，立刻就能发现自己有没有算错。,解 2x+1 = 5：移项得 2x = 5−1 = 4，系数化为 1 得 x = 2。代回验算 2×2+1 = 5 成立，所以解是 x = 2。
实际问题与一元一次方程,一元一次方程,解题步骤是审题、设未知数、找等量关系、列方程、解方程、检验并作答。找等量关系是关键：行程问题抓「路程 = 速度 × 时间」，销售问题抓「利润 = 售价 − 成本」，年龄问题抓「两人的年龄差始终不变」。最后一定要带单位，并回答题目原本问的那一问。,甲比乙多 3 岁、两人共 25 岁，求各几岁。设乙 x 岁则甲 x+3 岁，列方程 x+(x+3) = 25，解得 x = 11，所以乙 11 岁、甲 14 岁。
立体图形与平面图形,几何图形初步,各部分都在同一平面内的是平面图形（如三角形、圆），各部分不在同一平面内的是立体图形（如长方体、圆锥）。立体图形的表面展开后得到平面图形，同一个立体图形可能有不同的展开方式。观察时要注意区分看得见的轮廓和看不见的棱。,长方体的展开图由 6 个长方形组成；圆柱的展开图是两个圆加一个长方形；正方体表面展开后可以是一个由 6 个正方形拼成的平面图形。
点线面体,几何图形初步,几何体由面围成、面与面相交成线、线与线相交成点，这是它们之间层层包含的关系。反过来，运动也能生成图形：点动成线、线动成面、面动成体。判断一个对象属于点、线、面还是体，看它占有几个维度即可。,圆柱由两个圆形的底面和一个曲面形的侧面围成；把一枚硬币立起来绕直径旋转一周，会得到一个球体，这就是面动成体。
直线射线线段,几何图形初步,直线可以向两边无限延伸、没有端点；射线只有一个端点、向一边无限延伸；线段有两个端点、可以度量长度。两个基本事实要记牢：两点确定一条直线，两点之间线段最短。用字母表示时要注意顺序，射线 OA 与射线 AO 表示的是两条不同的射线。,线段 AB 可以量出具体长度；射线 OA 表示端点是 O 并经过点 A；经过平面上两点 A、B 只能画出一条直线，过一点却能画无数条直线。
角,几何图形初步,角是由有公共端点的两条射线组成的图形，公共端点叫角的顶点、两条射线叫角的边。角的度量单位是度、分、秒，按 60 进制换算，1 度等于 60 分、1 分等于 60 秒。角的大小只与两边张开的程度有关，与边画得长短无关。角的表示方法要看清，顶点处有多个角时通常用三个字母表示。,直角等于 90°，平角等于 180°，周角等于 360°；1.5° 换算成度分是 1°30′。
余角和补角,几何图形初步,两个角的和等于 90° 就说这两个角互为余角，和等于 180° 就说互为补角 —— 判断只看两角的和，与它们的位置没有关系。同角或等角的余角相等、同角或等角的补角相等，这是后面几何推理中常用的理由。一个角的补角总比它的余角大 90°。,30° 角的余角是 60°、补角是 150°；若 ∠1 等于 40°，则它的余角是 50°、补角是 140°，且 140° 比 50° 正好大 90°。
﻿与三角形有关线段,三角形,判断三条线段能否围成三角形，只需把较短的两条相加与最长的一条比较，大于就能围成。三角形的高要分清：锐角三角形三条高都在形内，直角三角形有两条高就是它的两条直角边，钝角三角形则有两条高落在形外。三角形的三条中线交于一点、三条角平分线也交于一点。,边长 2、3、4 能组成三角形，因为 2+3 大于 4；而 2、3、6 不能，因为 2+3 = 5 小于 6。
三角形内角,三角形,任意三角形的内角和都等于 180°，这是最基础的性质，已知两个角就能求出第三个。三角形的一个外角等于与它不相邻的两个内角之和，并且大于任何一个与它不相邻的内角 —— 这条性质常用来省掉一步计算。,三角形的两个角分别是 50° 和 60°，则第三个角等于 180°−50°−60° = 70°；第三个角的外角等于 50°+60° = 130°。
多边形,三角形,n 边形的内角和等于 (n−2)×180°，而任意多边形的外角和恒为 360° —— 外角和这个结论更简单也更实用。正多边形的每条边、每个内角都相等，单个内角等于内角和除以边数。做题时先确定边数 n 再代入公式。,五边形的内角和是 (5−2)×180° = 540°；六边形的外角和仍是 360°；正六边形每个内角是 720°÷6 = 120°。
全等三角形,全等三角形,全等指形状和大小都相同，两个三角形完全重合后对应边相等、对应角相等。写全等式时字母必须按对应关系排列：△ABC 与 △DEF 全等意味着 A 对应 D、B 对应 E、C 对应 F，字母位置写错，后面推出的所有对应关系都会跟着错。,能完全重合的两个三角形全等，它们的三组对应边长度相等、三组对应角度数相等，周长与面积也分别相等。
三角形全等的判定,全等三角形,判定全等不必给出六个条件，通常只需三个且至少包含一条边：SSS、SAS、ASA、AAS 用于一般三角形，HL 专门用于直角三角形。要牢记 SSA 和 AAA 不能判定全等 —— 两边及其中一边的对角对应相等时可能画出两个不同的三角形，这一点最容易失分。,三边对应相等的两个三角形全等（SSS）；两边及夹角对应相等的两个三角形全等（SAS）；斜边和一条直角边对应相等的两个直角三角形全等（HL）。
角的平分线的性质,全等三角形,角平分线上的点到这个角两边的距离相等；反过来，到一个角两边距离相等的点也在这个角的平分线上。这里的距离必须是点到直线的垂直距离，随手画出的斜线段不算。求线段长度或证明相等时，常通过作垂线段来用这条性质。,点 P 在 ∠AOB 的平分线上，作 PC 垂直于 OA、PD 垂直于 OB，则 PC = PD。
轴对称,轴对称,把一个图形沿某条直线对折，直线两侧的部分能够完全重合，就说这个图形关于这条直线对称，这条直线叫对称轴。轴对称既可以是一个图形自身的性质（如等腰三角形、圆），也可以是两个图形之间的位置关系。对称轴是直线，画图要用虚线并延伸出去。,蝴蝶图案、等腰三角形、正方形都是轴对称图形；正方形有 4 条对称轴，圆有无数条对称轴。
画轴对称图形,轴对称,作法分三步：过原图形的关键点作对称轴的垂线并延长；在另一侧截取等长距离得到对称点；最后按原顺序连接各对称点。关键是每个关键点都要做，只做顶点会漏掉形状变化。对称轴本身通常画成虚线，画图时不要漏掉被遮挡的轮廓线。,把三角形 ABC 关于直线 l 作轴对称，先分别作出 A、B、C 三点的对称点 A′、B′、C′，再把这三点顺次连接成三角形 A′B′C′ 即可。
等腰三角形,轴对称,等腰三角形「等边对等角」，两个底角一定相等。它的顶角平分线、底边上的中线、底边上的高三条线互相重合，俗称三线合一，这是几何题里最常见的突破口。已知一个角求另外两个角时要分情况讨论：这个角可能是顶角，也可能是底角。,等腰三角形的顶角是 40°，则两个底角各为 (180°−40°)÷2 = 70°；反过来若已知底角是 70°，则顶角是 180°−70°×2 = 40°。
整式乘法,整式的乘法与因式分解,三条幂的运算法则要严格分清：同底数幂相乘，底数不变、指数相加；幂的乘方，底数不变、指数相乘；积的乘方，把积的每个因式分别乘方。单项式相乘时把系数相乘、相同字母的幂分别相乘，只在一个单项式里出现的字母要连同它的指数一起照抄。,a²·a³ = a⁵（指数相加）；(a³)² = a⁶（指数相乘）；(2a)³ = 8a³（每个因式分别乘方）。
乘法公式,整式的乘法与因式分解,平方差公式是 (a+b)(a−b) = a²−b²，特点是两项符号相反；完全平方公式是 (a±b)² = a²±2ab+b²，记口诀「首平方、尾平方、首尾两倍放中央」。遇到接近这两种形式的式子先凑成公式的形状再套用，比一项一项硬乘快得多也不会漏项。,(a+b)² = a²+2ab+b²；(x+3)(x−3) = x²−9；(2x+1)² = 4x²+4x+1。
因式分解,整式的乘法与因式分解,因式分解是整式乘法的逆运算，操作顺序是先提公因式、再看能否套公式、最后检查每个因式是否还能继续分解 —— 「分解到不能再分解为止」是最常被漏掉的一步。结果必须写成几个整式的连乘积，写成带加减号的式子就等于没做完。,x²−1 = (x+1)(x−1)（平方差公式）；x²+2x+1 = (x+1)²（完全平方公式）；3x²−6x = 3x(x−2)（先提公因式）。
分式,分式,分式成立的前提是分母不为 0，所以求「字母取什么值时分式有意义」只要令分母不等于 0 即可。分式的值为 0 则要求分子等于 0 并且分母不等于 0 —— 只算出分子等于 0 而忘了检查分母，是这类题最典型的错法。,1/x 中 x 不能等于 0；分式 (x−2)/(x+1) 有意义的条件是 x+1 不等于 0，也就是 x 不等于 −1。
分式的运算,分式,加减法要先通分，找出各分母的最简公分母再化为同分母；乘除法要先把分子分母分解因式、能约的先约掉再算，数字会小很多。混合运算按先乘除后加减的顺序进行，算完还要把结果化成最简分式才算做完。,1/x+1/y 通分后等于 (x+y)/(xy)；计算 (x²−1)/(x+1) 时先分解因式约去 (x+1)，结果为 x−1（其中 x 不等于 −1）。
分式方程,分式,解分式方程的步骤是：两边同乘最简公分母去分母、解这个整式方程、检验。检验这一步绝不能省，去分母时乘的那个式子可能为 0 从而产生增根。检验的方法是把解代入最简公分母，结果不等于 0 才是原方程的解。,解方程 1/x = 2：两边同乘 x 得 1 = 2x，解得 x = 1/2；代入分母检验 x 不等于 0，所以 x = 1/2 是原方程的解。
二次根式,二次根式,二次根式有意义的前提是被开方数大于等于 0，这是求值范围、判断字母取值的依据。最简二次根式要求被开方数既不含分母、也不含能开得尽方的因数。计算结果通常要化成最简形式，这一步本身常常就是评分点。,√4 = 2；√8 要化简成 2√2；若 √(x−3) 有意义，则 x−3 大于等于 0，即 x 大于等于 3。
二次根式的乘除,二次根式,乘法把被开方数相乘后再开方，除法把被开方数相除后再开方（除数不为 0）。运算时先把各个根式化成最简形式、该约分的先约掉，最后再把结果化成最简二次根式。要特别注意 √(a+b) 不能拆开写成 √a+√b，这种变形是错的。,√2·√3 = √6；√12÷√3 = √4 = 2；√8·√2 = √16 = 4。
二次根式的加减,二次根式,加减的关键是先把每一项都化成最简二次根式，再把被开方数相同的项合并 —— 道理与合并同类项完全一样。被开方数不同的项不能相加，把它们硬加在一起是这里最常见的错误，看着像合并了实则没有依据。,√8+√2 = 2√2+√2 = 3√2；√12−√3 = 2√3−√3 = √3。
勾股定理,勾股定理,直角三角形两条直角边的平方和等于斜边的平方，即 a²+b² = c²。使用前必须先确认这个三角形是不是直角三角形，并认准哪一条边是最长边即斜边 c。它的常见用法是已知两边求第三边，记住几组常用勾股数可以秒算结果。,直角边为 3 和 4 时斜边 c 等于 √(3²+4²) = 5；直角边为 5 和 12 时斜边为 13。常用勾股数还有 6、8、10 与 9、12、15。
勾股定理逆定理,勾股定理,逆定理用来判定一个三角形是不是直角三角形：把三条边按长短排序，计算较短两条边的平方和是否等于最长边的平方。注意一定要拿「较短两条边的平方和」去比「最长边的平方」，边选错了判断结果就反了。,边长 5、12、13 满足 5²+12² = 169 = 13²，所以构成直角三角形；而 3、4、6 因为 3²+4² 不等于 6²，构不成直角三角形。
平行四边形,平行四边形,平行四边形的性质从边、角、对角线三个角度记：对边平行且相等、对角相等且邻角互补、对角线互相平分。判定方法有五种：两组对边分别平行、两组对边分别相等、一组对边平行且相等、对角线互相平分、两组对角分别相等。解题要先看清已知条件落在哪一条上。,平行四边形 ABCD 中 AB 平行于 CD 且长度相等；对角线 AC 与 BD 交于点 O，则 O 既是 AC 的中点也是 BD 的中点。
特殊的平行四边形,平行四边形,矩形是有一个角是直角的平行四边形，它的对角线相等；菱形是有一组邻边相等的平行四边形，它的对角线互相垂直并且每条对角线平分一组对角；正方形同时具备矩形和菱形的所有性质。判定时层级要清楚：正方形包含于矩形与菱形，它们又都包含于平行四边形。,对角线相等的平行四边形是矩形；对角线互相垂直的平行四边形是菱形；对角线既相等又互相垂直的平行四边形是正方形。
变量与函数,一次函数,在一个变化过程中变化的量叫变量、始终不变的量叫常量。如果 x 每取一个确定的值 y 都有唯一确定的值与之对应，就说 y 是 x 的函数，这里的唯一对应是关键 —— 一个 x 对应两个 y 就不成其为函数。,圆的面积 S 随半径 r 变化，关系式为 S = πr²；而 y² = x 中当 x 为正数时 y 有两个值，所以 y 不是 x 的函数。
一次函数,一次函数,一次函数的形式是 y = kx+b（k 不等于 0），k 叫斜率、b 叫截距。k 决定增减性：k 大于 0 时 y 随 x 增大而增大、图象经过一三象限，k 小于 0 时相反。b 决定图象与 y 轴交点的位置。画图象只需找出两个点再连成直线即可。,y = 2x+1 中 k 为 2 大于 0，图象从左向右上升；它与 y 轴交于点 (0，1)，与 x 轴交于点 (−1/2，0)。
用函数看方程不等式,一次函数,方程 kx+b = 0 的解就是直线 y = kx+b 与 x 轴交点的横坐标；不等式 kx+b 大于 0 的解集，是直线位于 x 轴上方那部分所对应的 x 的取值范围。把代数问题放到图象上观察，不等号的方向不容易搞反，这是最省事的验算方法。,直线 y = 2x−4 与 x 轴交于点 (2，0)，所以方程 2x−4 = 0 的解是 x = 2，不等式 2x−4 大于 0 的解集是 x 大于 2。
平均数,数据的分析,平均数等于所有数据的和除以数据的个数，它用到了全部数据但对极端值很敏感 —— 一个特别大或特别小的数会把平均数拉偏。实际问题中经常要算加权平均数：各项数值乘各自所占权重后相加，再除以权重之和，权重千万别弄错。,两次测试 80 分和 90 分的平均分是 (80+90)÷2 = 85 分；若平时成绩占 40%、期末占 60%，则总评成绩要按权重加权平均来算。
中位数与众数,数据的分析,求中位数必须先排序：数据个数为奇数时取正中间那个，为偶数时取中间两个数的平均值。众数是一组数据中出现次数最多的数，可能不止一个，也可能一个都没有。中位数和众数都不受极端值影响，这一点与平均数截然不同。,数据 1、2、2、3 排序后中位数是 2、众数是 2；数据 1、2、3、4 的中位数是 (2+3)÷2 = 2.5，这组数据没有众数。
方差,数据的分析,方差是每个数据与平均数之差的平方的平均值，数值越大说明数据越分散、波动越大，越小说明越集中、越稳定。比较两组数据时若两组平均数接近，只看方差就能判断哪一组表现更稳定。计算要分步走：先算平均数、再算差的平方、最后求平均。,两组同学的平均成绩都是 85 分，但方差小的那一组成绩更整齐、波动更小，说明这组同学的整体水平更均衡。
﻿一元二次方程,一元二次方程,ax²+bx+c = 0 这种形式必须同时满足：是整式方程、只含一个未知数、未知数的最高次数是 2，并且二次项系数 a 不等于 0。把方程化成一般形式时要按未知数的降幂排列，各项连同它前面的符号一起搬过去，符号最容易错。,方程 x²−5x+6 = 0 中 a 为 1、b 为 −5、c 为 6；而 x³+1 = 0 的最高次数是 3，1/x+x = 1 不是整式方程，它们都不是一元二次方程。
解一元二次方程,一元二次方程,三种方法各有适用场景：能因式分解的先分解最快；不易分解时用求根公式 x = (−b±√(b²−4ac))/(2a)；配方法是推导公式的基础，也常用来求二次函数的顶点。判别式 Δ = b²−4ac 决定根的情况：Δ 大于 0 有两个不相等的实根、等于 0 有两个相等的实根、小于 0 没有实根。做题先看能不能分解，不要上来就套公式。,方程 x²−5x+6 = 0 可分解为 (x−2)(x−3) = 0，所以解为 x 等于 2 或 3；此时 Δ = 25−24 = 1 大于 0，确实有两个不相等的实根。
实际问题,一元二次方程,增长率问题的模型是「基数 ×(1+平均增长率)² = 末值」，连续两次增长就要平方；面积问题通常是设未知边长后凭矩形面积列出等式。解完之后必须检验：增长率一般要求为正、边长要求为正且落在合理范围内，不合实际的根要舍去。,某商品原价 100 元、连续两次均涨价 10%，现价为 100×(1+10%)² = 121 元；反过来已知现价求平均增长率时，就列这个方程求解。
二次函数,二次函数,一般形式是 y = ax²+bx+c（a 不等于 0）。顶点式 y = a(x−h)²+k 能直接读出顶点坐标 (h，k)，求最值时用顶点式最方便；交点式 y = a(x−x₁)(x−x₂) 适合已知图象与 x 轴两个交点时用。三种形式要根据题目给出的条件灵活选用。,函数 y = x²−2x 可化成顶点式 y = (x−1)²−1，所以顶点是 (1，−1)，当 x 等于 1 时函数取得最小值 −1。
图象与性质,二次函数,a 的正负决定开口方向：a 大于 0 开口向上、函数有最小值，a 小于 0 开口向下、有最大值；|a| 越大开口越窄。对称轴是直线 x 等于 −b/(2a)，顶点坐标是 (−b/(2a)，(4ac−b²)/(4a))。画草图时先定开口和顶点，再求出与坐标轴的交点。,抛物线 y = x²−2x 中 a 为 1 大于 0，开口向上；对称轴是直线 x 等于 1，顶点坐标是 (1，−1)。
实际问题,二次函数,用二次函数解最值问题的步骤是：设未知数、列出函数关系式、化成顶点式或用对称轴找顶点、最后结合自变量的实际范围检验。最常见的是「面积最大」与「利润最大」两类。要特别注意实际问题中自变量往往有取值范围，最值不一定落在顶点处。,用一段长 20 米的篱笆靠墙围矩形菜地，设垂直于墙的边长为 x 米，则面积 S 等于 x(20−2x)，化成顶点式后得 x 等于 5 时面积最大为 50 平方米。
图形的旋转,旋转,旋转由三个要素决定：旋转中心、旋转方向、旋转角。旋转不改变图形的形状和大小、只改变它的位置，所以旋转前后的两个图形一定全等；对应点到旋转中心的距离相等，每一对对应点与旋转中心连线的夹角都等于旋转角。,风车叶片绕中心转动就是旋转；把一个图形绕点 O 顺时针旋转 90° 后，每个点到点 O 的距离都保持不变，各自转过的角度都是 90°。
中心对称,旋转,把一个图形绕某一点旋转 180°，如果它能与另一个图形重合，就说这两个图形成中心对称，这个点叫对称中心。成中心对称的两个图形全等，并且每一对对称点的连线都经过对称中心且被对称中心平分。平行四边形、线段、圆都是典型的中心对称图形。,平行四边形绕两条对角线的交点旋转 180° 后与自身重合；线段也是中心对称图形，它的对称中心就是线段的中点。
圆,圆,圆心确定圆的位置、半径确定圆的大小，两者确定之后圆就唯一了。垂径定理很重要：垂直于弦的直径平分这条弦，并且平分这条弦所对的两条弧。在同一个圆中等弧对等弦、等弦对等圆心角，这几者可以互相转换使用。,以点 O 为圆心、3 厘米为半径只能画出一个圆；圆上任意一点到圆心 O 的距离都是 3 厘米。
点直线圆位置关系,圆,判断位置关系都归结为比较距离 d 与半径 r 的大小：点与圆是 d 小于 r 在圆内、d 等于 r 在圆上、d 大于 r 在圆外；直线与圆是 d 小于 r 相交、d 等于 r 相切、d 大于 r 相离。切线的判定方法是经过半径外端并且垂直于这条半径的直线就是切线。,圆的半径为 5 时，圆心到直线的距离为 5 则相切，为 3 则相交，为 7 则相离。
正多边形和圆,圆,任何正多边形都有一个外接圆和一个内切圆，并且这两个圆是同心圆。正 n 边形的中心角等于 360°÷n，把圆 n 等分再顺次连接各个分点就能得到正 n 边形。计算时常用的办法是把正多边形分成若干个全等的等腰三角形来求解。,正方形可以内接于圆，它的中心角是 360°÷4 = 90°；正六边形的中心角是 60°，并且它的边长恰好等于外接圆的半径。
弧长和扇形面积,圆,弧长公式是 l = nπr/180，扇形面积公式是 S = nπr²/360，其中的 n 是圆心角的度数。另一个更好记的写法是 S = lr/2，形式与三角形面积公式一致。使用公式时圆心角必须用「度」作单位，如果给的是弧度要先换算成度。,半径为 6、圆心角为 90° 的扇形，面积 S 等于 90π×36/360 = 9π，约等于 28.27；这条弧对应的弧长 l 等于 3π。
随机事件,概率初步,事件分三类：必然事件一定会发生且概率为 1、不可能事件一定不发生且概率为 0、随机事件可能发生也可能不发生且概率在 0 与 1 之间。概率只是刻画事件发生可能性大小的数，即使是概率很大的事件也不保证一定发生。,掷一枚骰子得到 6 点是随机事件，概率为 1/6；得到的点数小于 7 是必然事件；得到 7 点是不可能事件。
用列举法求概率,概率初步,概率等于符合条件的结果数除以所有等可能的结果数。解题关键是守住等可能和不重不漏，用列表法或树状图把所有结果摆出来最稳妥。遇到放回与不放回的差别时所有结果的个数并不相同，一定要先看清题意再下手。,抛两枚硬币共有正正、正反、反正、反反这 4 种等可能结果，所以两枚都正面朝上的概率是 1/4。
用频率估计概率,概率初步,在大量重复试验中事件发生的频率会稳定在某个常数附近，这个常数就可以作为该事件概率的估计值。试验次数越多估计越准确，次数很少时频率往往忽高忽低，不能直接当成概率。频率是实验测得的值，概率是理论值，两者的意义并不相同。,抛一枚硬币一千次，正面朝上的频率会接近 0.5；只抛 10 次时正面可能出现 3 次，这个 0.3 的频率不能当作它的概率。
反比例函数,反比例函数,形式为 y = k/x（k 为常数且 k 不等于 0），k 决定图象所在象限：k 大于 0 时两支曲线落在第一、三象限，k 小于 0 时落在第二、四象限。它在每个象限内单调变化，但不能说在整个定义域上单调 —— 因为定义域在 x 等于 0 处是断开的，这样说会被扣分。,y = 6/x 中 k 为 6 大于 0，图象位于第一、三象限；当 x 等于 2 时 y 等于 3，当 x 等于 3 时 y 等于 2。
实际问题,反比例函数,判断两个量是不是反比例关系，看它们的乘积是不是定值：乘积一定才成反比例，和一定那只是加减关系。求解时先依题意列出 y = k/x 的形式，再代入一组已知的对应值求出 k，最后用得到的解析式回答所求的量，同时别忘了一并写出自变量的取值范围。,矩形面积一定为 24 时，长 y 与宽 x 满足 xy = 24，即 y = 24/x，两者成反比例关系。
图形的相似,相似,相似只要求形状相同、大小可以不同，两个相似图形的对应角相等、对应边成比例。相似比就是对应边之比；要记住面积比等于相似比的平方，这一点最容易记错。全等可以看作相似比等于 1 的特殊情形。,把一张照片等比例放大后得到的图形与原图形相似；若相似比为 2，则周长之比也是 2，而面积之比是 4。
相似三角形,相似,判定相似常用的有四种：平行于三角形一边的直线所截得的小三角形与原三角形相似、三边成比例、两边成比例且夹角相等、两角相等。写相似关系式同样要按顺序对齐顶点。实际题目中最常用的其实是第一种 —— 看到平行线就去找相似三角形。,在三角形中作一条平行于底边的直线，截得的小三角形与原三角形相似；若相似比为 1/2，则周长比为 1/2、面积比为 1/4。
位似,相似,位似是一种特殊的相似：两个图形的每一组对应点的连线都经过同一个点即位似中心，且对应边互相平行。位似中心既可以在图形内部也可以在图形外部，以它为基准把图形放大或缩小若干倍就能得到另一个图形。画图时先连接位似中心与各个关键点，再按比例截取。,以点 O 为位似中心把三角形 ABC 放大为原来的 2 倍：连接 OA、OB、OC 并分别延长到原来的 2 倍得到 A′、B′、C′，把它们连起来就是所求图形。
锐角三角函数,锐角三角函数,在直角三角形中正弦等于对边比斜边、余弦等于邻边比斜边、正切等于对边比邻边。记忆时要认准是对哪一个锐角而言，同一条边对一个锐角是邻边、对另一个锐角就是对边。另外要记熟 sin30° = 1/2、sin45° = √2/2、sin60° = √3/2 这三个特殊值。,sin30° = 1/2；在直角三角形中如果某锐角的对边为 3、斜边为 5，那么该角的正弦值就等于 3/5。
解直角三角形,锐角三角函数,解直角三角形就是在已知部分元素的前提下求出其余元素，常用工具有三个：勾股定理、两锐角互余、三角函数。选哪一个三角函数看已知的是哪两条边、要求的是边还是角。结果通常保留根号或按要求取近似值，要看清题目有没有写精确到哪一位。,已知两条直角边分别为 3 和 4，先用勾股定理求得斜边为 5，再用正切值 3/4 可求出较小的那个锐角约等于 36.9°。
投影,投影与视图,平行投影由平行光线形成（如太阳光），同一时刻物体的高与影长成比例，常用来间接测量高度；中心投影由同一点发出的光线形成（如路灯），它不满足那个简单的比例关系。判断属于哪一种，只看光线是平行还是从一个点发散出来。,阳光下同一时刻 1 米长的标杆影长为 0.5 米，则影长为 3 米的树高约 6 米；而路灯下物体的影子属于中心投影。
三视图,投影与视图,三视图分别是主视图（从正面看）、俯视图（从上面看）、左视图（从左面看）。画图的原则是长对正、高平齐、宽相等：主视图与俯视图的长要对正、主视图与左视图的高要平齐、俯视图与左视图的宽要相等。看得见的轮廓画实线，被挡住的轮廓用虚线表示。,一个长方体的三视图通常都是长方形；由三视图还原立体图形时先看俯视图确定底面的形状，再看主视图和左视图确定它的高度。
﻿1~5的认识,5以内数的认识和加、减法,数数的时候要一个一个点着数，数到最后一个数是几，这堆东西就有几个。数字是它们的名字：1 像小铅笔、2 像小鸭子、3 像小耳朵。要记住**数到几就是几个，由最后一个数字说了算**。,桌上有 3 个苹果，一个一个点着数「1、2、3」，数到 3 停下来，就用数字 3 表示。
比多少,5以内数的认识和加、减法,想知道哪堆多，最公平的办法是「一个对一个拉拉手」：把两排东西两两配对，谁有多出来的谁就更多；刚好配完谁也不剩，就是一样多。别被摆得长长的那一排骗了，摆得稀也可能更少。,5 只小兔和 4 根胡萝卜一一配对，最后多出 1 只小兔没分到，说明兔子比胡萝卜多 1。
加法,5以内数的认识和加、减法,加法就是把两堆东西合到一起。看到「又飞来」「又拿来」「一共有多少」这样的词，八成要用加法。加号两边的数叫加数，合起来的结果叫和。还可以用手指帮忙：先伸出 3 根，再伸出 2 根，一起数一数。,树上有 3 只小鸟，又飞来 2 只，合起来是 3+2 = 5，所以现在一共有 5 只。
减法,5以内数的认识和加、减法,减法是「从一堆里拿走一些」。看到「吃掉」「走了」「还剩多少」就要想到它。想减法有个好办法：**反过来想加法** —— 因为 2+3 = 5，所以 5−2 = 3。减号前面的数是总数，它一定要比拿走的部分大。,有 5 块糖，吃掉 2 块，还剩 5−2 = 3 块。验算一下 3+2 = 5，正好对上。
0的认识,5以内数的认识和加、减法,一个也没有的时候就用 0 表示，它排在 1 的前面，是最小的一位数。0 还有个有趣的脾气：**任何数加 0 还是自己，任何数减 0 也还是自己**，像镜子一样谁遇上它都不变。不过两个相同的数相减，结果就是 0 了。,盘子里一个苹果都没有，记作 0 个；3+0 = 3，5−0 = 5，而 4−4 = 0。
6~10的认识,6~10的认识和加、减法,6 到 10 比 5 大，数东西时可以用「5 个一堆」的办法：先数出 5 个，再接着往下数。比较大小就看谁排在后面：**排在后面的数更大**，就像排队时站在后面的人位置更靠后一样。,7 排在 5 后面、9 前面，所以 7 比 5 大、比 9 小；一排 7 个星星比一排 5 个星星多。
10以内加减法,6~10的认识和加、减法,算 10 以内的加减，最快的是记住「数的分与合」：比如 9 可以分成 4 和 5、3 和 6。知道 4+5 = 9，就同时知道了 9−4 = 5 和 9−5 = 4。**一道加法能换来两道减法**，特别划算。,因为 4+5 = 9，所以 9−4 = 5、9−5 = 4；因为 3+7 = 10，所以 10−3 = 7。
连加连减,6~10的认识和加、减法,连加连减就像下楼梯，要一步一步往下走：先把前两个数算出来，再用结果和第三个数算，不能跳着算。算的时候可以在心里轻轻记住每一步的得数，就不容易乱。,2+3+4 先算 2+3 = 5，再算 5+4 = 9；10−3−2 先算 10−3 = 7，再算 7−2 = 5。
加减混合,6~10的认识和加、减法,加减混在一起时规则还是一样：**从左往右按顺序算**。加号和减号跟着它后面的数字走，别把符号看错。算完顺着检查一遍，看看每一步的数有没有写错。,8−3+2 先算 8−3 = 5，再算 5+2 = 7，结果是 7。注意不能先去算 3+2。
长方体,认识立体图形,长方体长得长长方方的，像一块砖。它有 6 个面、8 个尖尖的顶点，相对的两个面大小一样。它**不能滚动**，只能平着放或者推着走 —— 这一点和圆柱最不一样。,牙膏盒、文具盒、冰箱都是长方体；它放在桌上很稳，推一下只会滑走不会滚。
正方体,认识立体图形,正方体方方正正的，它是长方体的特殊样子：**6 个面都是一样大的正方形**，12 条棱也都一样长。因为每个面都一样，所以它怎么放都稳稳当当，随便哪面朝下都站得住。,魔方和骰子都是正方体；它的 6 个面完全一样，怎么放都不会倒。
圆柱,认识立体图形,圆柱上下两个面是**一样大的圆**，中间是弯弯的侧面。它是个会滚的家伙：竖着放很稳，躺下来就能沿着一个方向咕噜噜地滚。注意它只朝一个方向滚，不像球那样到处乱跑。,茶叶筒、易拉罐、电池都是圆柱；把它们放倒，就能沿着桌面滚起来。
球,认识立体图形,球圆滚滚的，只有一个弯弯的面，**没有平平的面、也没有尖尖的角**。它是立体图形里最活泼的一个：往哪个方向推都能滚，就是站不稳。,皮球和乒乓球都是球；放在桌上轻轻一碰就滚走，因为它浑身圆圆的，一个平面都没有。
11~20各数,11~20的认识,数到 10 以后有个小秘密：**10 个一可以捆成 1 个十**。所以 15 就是 1 个十和 5 个一捆在一起。数超过 10 的东西时，先数出 1 个十，再数剩下几个一，又快又不容易数错。,15 根小棒可以捆成 1 捆（10 根）再加 5 根，也就是 1 个十和 5 个一。
10加几和相应减法,11~20的认识,十加几有个超简单的规律：**10 加几就等于十几**，因为只是把 1 个十和几个一合起来。反过来，十几减几就剩 1 个十也就是 10，十几减 10 就剩几个一。这两组是好朋友，记住一个就记住另一个。,10+3 = 13、13−3 = 10、13−10 = 3；10+7 = 17、17−7 = 10。
9加几,20以内的进位加法,凑十法是算进位加法的法宝：看到 9 就想「9 还差 1 就满 10」，于是把另一个数拆成 1 和剩下的部分，先凑成 10 再加剩下的。口诀是：**看大数、分小数、凑成十、加剩数**。,9+4 把 4 分成 1 和 3，先算 9+1 = 10，再算 10+3 = 13，所以 9+4 = 13。
8、7、6加几,20以内的进位加法,方法完全一样，只是拆的数变了：8 差 2 凑成十、7 差 3 凑成十、6 差 4 凑成十。所以 8 加几就分出 2，7 加几就分出 3，6 加几就分出 4。练熟之后看到算式就能脱口而出。,8+5 把 5 分成 2 和 3，先算 8+2 = 10，再加 3 得 13，所以 8+5 = 13。
5、4、3、2加几,20以内的进位加法,遇到小数加大数有个偷懒的好办法：**把两个加数交换位置再算**，得数完全一样。比如 5+7 不好想，换成 7+5 就回到熟悉的凑十法了。这叫加法交换律，交换位置得数不变。,5+7 换成 7+5，把 5 分成 3 和 2，7+3 = 10、10+2 = 12，所以 5+7 = 12。
长方形,认识平面图形,长方形有 4 条边、4 个方方正正的角，它的特点是**对着的两条边一样长**：上下两条一样长，左右两条也一样长。它像是被拉长了的正方形。,课本的封面、教室的门都是长方形；量一量会发现上边和下边一样长。
正方形,认识平面图形,正方形四四方方的，4 条边**全都一样长**，4 个角也都是方方正正的。它是长方形的特殊版 —— 可以说正方形就是长和宽相等的长方形。,手帕和方形饼干都是正方形；把 4 条边都量一遍，会发现长度完全一样。
三角形,认识平面图形,三角形有 3 条边、3 个尖尖的角，是最稳的图形：用 3 根小棒围成一个三角形，怎么推都不容易变形。这一点和能被拉动的四边形完全不同。,红领巾和三角板都是三角形；用 3 根小棒围成三角形，用力推也推不扁。
圆,认识平面图形,圆由一条**光滑的曲线**围成，没有直直的边，也没有尖尖的角，所以它滚起来最顺溜。圆上每个地方到圆心的距离都一样远。,硬币的面和钟面都是圆；它一条直边都没有，自然也就一个角都没有。
平行四边形,认识平面图形,平行四边形的两组对边分别平行而且一样长，但它有个脾气：**特别容易变形** —— 轻轻一推就歪了，可每条边的长短一点没变。小区的伸缩门就是利用它这个特点做成的。,伸缩门上有许多平行四边形；门拉开时它们被拉得扁扁的，但边长始终没变。
十几减9,20以内的退位减法,退位减法有两个好用的办法。一是破十法：把十几拆成 10 和几，先用 10 减 9 得 1，再加回剩下的几。二是想加算减：想 9 加几等于 13，那个几就是答案。,13−9 想 9+4 = 13，所以等于 4；也可以用破十法：10−9 = 1，1+3 = 4。
十几减8、7、6,20以内的退位减法,方法完全一样，推荐用想加算减：看到 15−8 就想 8 加几等于 15，答案是 7。这样算得快，还能顺便检查 —— 把减出来的结果加回去，能得回原来的数就说明算对了。,15−8 想 8+7 = 15，所以等于 7；14−6 想 6+8 = 14，所以等于 8。
十几减5、4、3、2,20以内的退位减法,这些算式更好算，因为减去的数小，剩下的数反而大。用想加算减一样快。练熟了就能直接口算，不用再掰手指。算完记得用加法验一遍，养成检查的好习惯。,11−5 想 5+6 = 11，所以等于 6；12−3 想 3+9 = 12，所以等于 9。
数数,100以内数的认识,数到 100 有两种数法：一个一个地数很稳，十个十个地数很快。**十个十个地数最适合数一大堆东西** —— 先每 10 个捆成一捆，数有几捆再加零头，又快又准。,一堆铅笔十个十个地数：10、20、30……90、100，正好是 100 支，比一个一个地数快得多。
数的组成,100以内数的认识,两位数是由「几个十」和「几个一」拼起来的。十位上是几就表示几个十，个位上是几就表示几个一。所以 47 就是 4 个十和 7 个一合在一起。反过来拆也一样方便。,47 里面有 4 个十和 7 个一；60 里面有 6 个十、一个一也没有，个位要写 0 占位。
读数写数,100以内数的认识,读数和写数都**从高位开始**，先看十位再看个位。十位上是几就读「几十」，个位上是几就读「几」。个位上一个也没有就不读出来，但一定要写 0 占位。,34 读作三十四、写作 34；50 读作五十，个位上的 0 不读出来，但不能不写。
数的顺序与大小,100以内数的认识,比较两个两位数，**先比十位**，十位上大的那个数就大；十位一样再比个位。放在数轴上看最清楚：右边的数总比左边的大。记住这个顺序，比大小就不会错。,52 和 48 比，十位上 5 大于 4，所以 52 大于 48；43 和 46 十位相同，比个位 3 小于 6，所以 43 小于 46。
整十数加减,100以内的口算加、减法,整十数相加减可以当成「几个十」来算：30 是 3 个十、20 是 2 个十，合起来就是 5 个十也就是 50。**只看十位上的数字相加减，后面添一个 0** 就行，算得特别快。,30+20 就是 3 个十加 2 个十等于 5 个十，得 50；70−40 = 30。
两位数加一位数,100以内的口算加、减法,口算时把两位数拆成整十数和一位数：先算个位加个位，如果**满十就向十位进一**，再和整十数合起来。进位时那个「1」千万别忘了加，这是最容易漏掉的一步。,25+8 先算 5+8 = 13，满十了向十位进 1，20+13 = 33，所以结果是 33。
两位数减一位数,100以内的口算加、减法,个位不够减时，要从十位**借 1 当 10**：把两位数拆成 10 和剩下的数，先用 10 去减，再把结果和剩下的合起来。借走之后十位要少 1，记牢这点就不会错。,32−5 个位 2 不够减，从十位借 1 当 10，12−5 = 7，还剩 20，合起来是 27。
笔算加法,100以内的笔算加、减法,列竖式有两条铁律：**相同数位要对齐**（个位对个位、十位对十位），**从个位算起**。个位满十就向十位进 1，那个小小的「1」写在十位右下角，算十位时一定要把它加上。,23+45 列竖式，个位 3+5 = 8、十位 2+4 = 6，结果是 68；个位满十时就要向十位进 1。
笔算减法,100以内的笔算加、减法,减法同样从个位减起。个位不够减时向十位借 1 当 10，借完记得在十位上点个小圆点做记号，提醒自己十位已经被借走 1 了。**这个记号最容易被忘**，一忘十位就多算了 1。,51−27 个位 1 不够减 7，向十位借 1 当 10，11−7 = 4；十位被借走 1 剩 4，4−2 = 2，结果是 24。
求总数,数量间的加减关系,题目问「一共多少」「总共多少」，就是把几部分合起来，用加法。做题前先想清楚：是不是求合起来的总数？把几部分加起来就对了。算完再估一估，看结果合不合理。,男生 12 人、女生 10 人，一共是 12+10 = 22 人。
求剩余,数量间的加减关系,题目里出现「还剩多少」「走了多少」「用掉多少」，就是从总数里去掉一部分，用减法。要认准哪个数是总数，别把剩下的和去掉的搞反了。,一共 22 人，走了 5 人，还剩 22−5 = 17 人。
按给定标准分类,分类与整理,分类就是把有同样特点的东西放在一起。分类前要先定好标准 —— 是按颜色、按形状，还是按用途？标准一定下来，每个东西就只能进一个家，不能两头都去。,一堆积木按颜色分：红色的放一堆、黄色的放一堆、蓝色的放一堆，每块积木只属于其中一堆。
按不同标准分类,分类与整理,同一批东西换个标准，分出来的结果就不一样。比如全班同学，按性别分是男生女生两组，按高矮分又是另外两组。**标准一变，分类结果就跟着变** —— 这正是分类有趣的地方。,全班同学按性别可以分成男生和女生，按身高又能分成高个子和矮个子，两种分法结果完全不同。
乘法的初步认识,1~6的表内乘法,遇到「好几个一样的数相加」，比如 3+3+3+3，写起来又长又容易数错，这时就轮到乘法出场了：4 个 3 相加可以写成 3×4。乘法其实是**加法的简便写法**，专门用来对付相同的加数。,3+3+3+3 是 4 个 3 相加，写成 3×4 = 12；2+2+2 是 3 个 2，写成 2×3 = 6。
5的乘法口诀,1~6的表内乘法,5 的口诀特别好记，因为得数的个位只在 **0 和 5 之间跳来跳去**：一五得五、二五一十、三五十五……五五二十五。数手指也方便：一只手 5 根，两只手正好 10 根。,5×6 = 30、5×8 = 40；看钟表上的数字 5 分 5 分地数，正好用上 5 的口诀。
2、3、4的乘法口诀,1~6的表内乘法,这几句口诀又短又顺口，像儿歌一样：一二得二、二三得六、三四十二。**相邻两句口诀的得数相差一个乘数**，比如 3 的口诀每次多 3，记住这个规律，忘了也能自己推出来。,4×3 = 12、3×4 = 12，交换位置得数一样；3 的口诀每次多 3：3、6、9、12 这样数下去。
乘加乘减,1~6的表内乘法,一个算式里既有乘法又有加减法，规矩是**先算乘法，再算加减**，就像排队时乘法有优先权。算的时候可以先把乘法那部分圈出来算好，再和剩下的合起来。,3×4+2 先算 3×4 = 12，再算 12+2 = 14；5×2−3 先算 5×2 = 10，再算 10−3 = 7。
6的乘法口诀,1~6的表内乘法,6 的口诀也有小窍门：得数的个位按 6、2、8、4、0 循环着走。而且 6 的口诀里很多在前面已经见过（比如三四十二和二六十二得数相同），**一句口诀能算两道乘法**，很划算。,6×7 = 42、6×9 = 54；二六十二和三四十二的得数都是 12。
除法的初步认识,1~6的表内除法,除法讲的是公平分：把一堆东西**分成几份并且每份一样多**。算式 12÷3 = 4 读作「12 除以 3 等于 4」，意思是把 12 平均分成 3 份，每份 4 个。除号前面是要分的总数。,12 个苹果平均放在 3 个盘子里，每盘 12÷3 = 4 个，每盘一样多才叫平均分。
用2~6口诀求商,1~6的表内除法,算除法最快的办法是**反过来想乘法**：算 12÷3 就想「3 乘几等于 12」，想到三四十二，商就是 4。除法是乘法的逆运算，乘法口诀背熟了，除法自然就会了。,12÷3 想 3×4 = 12，所以商是 4；20÷5 想 5×4 = 20，所以商是 4。
认识厘米,厘米和米,量比较短的东西用厘米作单位，写作 cm。1 厘米大约就是**食指指甲的宽度**，可以拿自己的手当尺子估一估。量的时候要把尺子的 0 刻度对准物体的一端，再看另一端对着几。,食指宽约 1 厘米；橡皮长约 4 厘米。量的时候尺子要放平，0 刻度对准起点。
认识米,厘米和米,量比较长的东西用米作单位，写作 m。**1 米正好等于 100 厘米**，记住这个换算，两个单位就能互相换来换去。张开双臂大约长 1 米，可以用来估一估门有多宽。,课桌高约 70 厘米，还不到 1 米；教室的门高约 2 米，也就是 200 厘米。
线段,厘米和米,线段是**直直的、有两个端点**的一段线，可以量出长度。它和直线不一样：直线能向两边无限延长，量不出长度；线段有头有尾，能量出具体是几厘米。,用直尺量一量课本的一条边，比如长 20 厘米，这条边就是一条线段。
7的乘法口诀,7~9的表内乘、除法,7 的口诀有 7 句，得数每次多 7。有个好记的办法：把 7 想成 5+2，算 7×6 就是 5×6 再加 2×6，也就是 30+12 = 42。实在想不起来时，用已经会的口诀拼一拼就出来了。,7×8 = 56；想不起来时算 5×8 = 40 再加 2×8 = 16，合起来正好是 56。
8的乘法口诀,7~9的表内乘、除法,8 的口诀里藏着规律：得数的个位按 8、6、4、2、0 循环往下走。8 还是个翻倍高手：2×8 = 16、4×8 = 32，乘数翻倍得数也跟着翻倍，可以用这个来检查算得对不对。,8×9 = 72；知道 4×9 = 36，那么 8×9 就是它的两倍，等于 72。
9的乘法口诀,7~9的表内乘、除法,9 的口诀最好玩，因为它有手指魔术：算 9×4 时弯下第 4 根手指，左边 3 根、右边 6 根，答案就是 36。还有个秘密：**9 的口诀得数，十位和个位加起来都等于 9**。,9×6 = 54，5+4 = 9；9×7 = 63，6+3 = 9。用手指弯一弯也能得出同样的答案。
用7~9口诀求商,7~9的表内乘、除法,方法还是一样的 —— **想乘法算除法**。算 56÷8 就想「8 乘几等于 56」，想到七八五十六，商就是 7。把 7、8、9 的口诀背熟，这几道除法就能脱口而出。,56÷8 想 8×7 = 56，所以商是 7；63÷9 想 9×7 = 63，所以商是 7。
有余数除法的认识,有余数的除法,分东西时经常遇到「不够再分一份」的情况，剩下的那部分就叫余数，写算式时在商后面加「……」再写余数。要注意：**余数必须比除数小**，如果余数还够再分一份，就说明分得不对。,10 个苹果每 3 个装一袋，可以装 3 袋还剩 1 个，写成 10÷3 = 3……1。
余数和除数的关系,有余数的除法,这是有余数除法里最重要的规矩：**余数一定比除数小**。除数是 3，余数只能是 1 或 2；如果余数算出来是 3 或者更大，说明还能再分一份，商应该再多 1。用这条可以检查自己算得对不对。,除数是 3 时余数只能是 1 或 2；如果算出余数是 4，那一定是算错了，商要再加 1。
解决问题,有余数的除法,分东西的问题有两种问法，一定要看清：「最多能分几份」直接看商；「至少需要几个容器」则要**给商再加 1**，因为剩下的那些也得装走。看清问的是哪一种，是这类题的关键。,23 人划船、每船坐 5 人：23÷5 = 4……3，能坐满 4 条船，剩下 3 人还得再来 1 条，一共需要 5 条船。
倍的认识,数量间的乘除关系,「倍」说的是两个数比出来的关系：6 里面有 2 个 3，就说 6 是 3 的 2 倍。要记住**倍不是单位名称**，所以算出的结果后面不能写「倍」字。把少的那份看成 1 份，多的里面有几份就是几倍。,第一排 3 个星星，第二排 6 个星星，6 里面有 2 个 3，所以第二排是第一排的 2 倍。
求一个数是另一个数的几倍,数量间的乘除关系,求几倍就是求「一个数里面有几个另一个数」，所以用除法：大数÷小数。算之前先认清把谁当成 1 份 —— 题目问「是**谁**的几倍」，那个「谁」就是除数。,12 是 4 的几倍？列式 12÷4 = 3，所以 12 是 4 的 3 倍。
求一个数的几倍,数量间的乘除关系,已知 1 份是多少、求这样的几份一共多少，用乘法。比如 4 的 3 倍就是把 4 拿 3 份：4×3 = 12。区分这两种题的窍门是：**求倍数用除法，求几倍是多少用乘法**。,4 的 3 倍是 4×3 = 12；小明有 5 张卡片，小红的张数是他的 2 倍，小红有 5×2 = 10 张。
千以内数的认识,万以内数的认识,数位像一排座位，从右往左依次是个位、十位、百位、千位，**每满 10 个就往左进一位**：10 个一是 1 个十、10 个十是 1 个百、10 个百是 1 个千。所以 999 再添 1 就变成 1000。,999 添上 1 是 1000；1000 里面有 10 个百，也有 100 个十。
万以内数的认识,万以内数的认识,万位在千位的左边，**10 个一千是一万**。读万以内的数时，中间有一个 0 就读一个「零」，末尾不管有几个 0 都不读出来。写数时哪一位上一个也没有，就要写 0 占位。,3406 读作三千四百零六；5000 读作五千，末尾的 0 都不读出来。
整百整千加减,万以内数的认识,整百数相加减就当成「几个百」来算：5 个百加 7 个百等于 12 个百，也就是 1200。**先算最高位上的数字，再在后面添上相应个数的 0**，比一位一位地算快得多。,500+700 就是 5 个百加 7 个百 = 12 个百，得 1200；3000+5000 = 8000。
笔算加法,万以内的加法和减法,列竖式算万以内的加法，同样是数位对齐、从个位加起，**哪一位满十就向前一位进 1**。连续进位时别慌，一位一位来，进上去的 1 一定用小数字标出来，免得算下一位时忘掉。,376+285：个位 6+5 = 11 向十位进 1，十位 7+8+1 = 16 再向百位进 1，百位 3+2+1 = 6，结果是 661。
笔算减法,万以内的加法和减法,减法从个位减起，哪一位不够减就从前一位退 1 当 10。最要小心的是**中间是 0 的退位**：比如 503 的十位是 0，得先向百位借，再借给个位。这时候要点好退位点，一步一步来才不会乱。,503−267：个位 3 不够减，十位是 0 只能先向百位借，百位借给十位后再借给个位，最后结果是 236。
估算,万以内的加法和减法,估算不需要算出准确的答案，只要**把数看成接近的整十或整百数**再算，就能很快知道「大约是多少」。估算的结果后面要写约等号。买东西前估一估钱够不够，是它最实用的地方。,198+405 把 198 看成 200、405 看成 400，估出 198+405 ≈ 600。
﻿从不同方向观察,观察物体,同一个物体站的位置不同，看到的形状就不一样。从正面看、从侧面看、从上面看，常常是三种不同的图形。想看清一个物体到底长什么样，最好的办法是**绕着它走一圈，从前前后后左左右右多看几眼**。,看一个杯子，从正面看是长方形，从上面看却是圆形；只看一面可猜不准它是什么东西。
辨认简单视图,观察物体,反过来，看到画出来的图形也就是视图，要能猜出物体是怎么摆的。比如正面看到三个并排的方块，说明至少有三个正方体排成一排。做这类题可以在脑子里把方块摆一摆，或者动手搭一搭试试看。,三个相同的正方体排成一排，从正面看是三个并排的正方形，从上面看则是一个长长的长方形。
同级运算,混合运算,一个算式里如果只有加减、或者只有乘除，它们就是同级的，地位平等，那就**从左往右按顺序算**，谁排在前面先算谁。别看到后面的数好算就先算后面，那样结果会出错。,12−5+3 先算 12−5 = 7 再算 7+3 = 10；如果先算 5+3 就错了。
两级运算,混合运算,加减是一级运算，乘除是二级运算，**二级比一级官大要先算**。所以算式里既有乘法又有加减时，先算乘除再算加减。可以把要先算的那部分轻轻划出来提醒自己。,3+4×2 先算 4×2 = 8 再算 3+8 = 11；如果先算 3+4 就错了。
带括号的运算,混合运算,括号是插队王，不管里面是什么运算，**有括号就一定要先算括号里面的**。算完括号里的，再按先乘除后加减算外面。括号也因此能改变运算顺序，故意加个括号结果就不一样了。,(3+4)×2 先算括号里 3+4 = 7 再算 7×2 = 14，比不带括号的 3+4×2 = 11 要大。
毫米,毫米、分米和千米,量很薄、很短的东西用毫米，写作 mm。**1 厘米正好等于 10 毫米**，也就是把 1 厘米切成 10 小格，每格就是 1 毫米。硬币的厚度、纸的厚度都适合用毫米来量。,一枚硬币厚约 2 毫米；数学书的厚度大约 6 毫米，用毫米量才说得准。
分米,毫米、分米和千米,分米是厘米和米之间的中间站：**1 分米 = 10 厘米、1 米 = 10 分米**。张开手掌，大拇指尖到食指尖的距离大约就是 1 分米。量课桌的宽度、书本的长度，用分米常常刚刚好。,课桌宽约 4 分米也就是 40 厘米；一支铅笔长约 2 分米。
千米,毫米、分米和千米,量路程、量两个地方之间有多远就要用千米，写作 km。**1 千米 = 1000 米**，走 1 千米大约要花十几分钟。它是常用的长度单位里最大的一个，专门用来量远。,学校到公园约 2 千米也就是 2000 米；操场跑道一圈 400 米，跑 2 圈半才是 1 千米。
长度单位换算,毫米、分米和千米,把单位排成一排就清楚了：千米、米、分米、厘米、毫米。**米到分米、分米到厘米、厘米到毫米之间的进率都是 10**，只有千米到米之间的进率是 1000。大单位换小单位就乘进率，反过来就除以进率。,3 米 = 30 分米 = 300 厘米；2 千米 = 2000 米。
口算乘法,多位数乘一位数,整十、整百数乘一位数，可以当成几个十、几个百来算：20×3 就是 2 个十乘 3 等于 6 个十也就是 60。**先用最高位上的数字去乘，再在末尾添上相应个数的 0**，又快又准。,20×3 = 60、300×4 = 1200；想成 2×3 = 6 再添一个 0，3×4 = 12 再添两个 0。
笔算乘法,多位数乘一位数,列竖式时把一位数写在下面，从个位乘起，**哪一位乘得的积满几十就向前一位进几**。进位的小数字要轻轻标在前一位的右下角，算下一位时一定记得把它加上。,23×4：个位 3×4 = 12 向十位进 1，十位 2×4 = 8 再加 1 得 9，结果是 92。
解决问题,多位数乘一位数,题目里说每盒有多少、有几盒，或者每人多少个、有几人，求一共多少，就是求几个相同加数的和，用乘法最省事。算完可以用估算检查一遍，看结果差不多对不对。,每盒 12 块饼干，买 4 盒，一共是 12×4 = 48 块。
线段射线直线,线和角,这三种线可以这样记：**线段有两个端点，能量出长度；射线只有一个端点，向一边无限延伸；直线没有端点，向两边无限延伸**。手电筒射出的光像射线，笔直的公路像直线，桌子的边像线段。,手电筒的光像射线，只有一个起点；直尺的边像线段，能量出具体是几厘米。
角的认识,线和角,从一点引出两条射线就组成了一个角，这个点叫角的顶点，两条射线叫角的边。角的大小与边的长短无关，**只与两边张开的程度有关** —— 张得越开，角就越大。,用两块硬纸条和图钉做一个角，把纸条张开得大一些角就变大；把纸条剪短一点，角的大小不变。
角的分类,线和角,比直角小的角叫锐角，正好是 90 度的叫直角，比直角大又比平角小的叫钝角。判断时**拿直角当尺子**：比直角小就是锐角，比直角大就是钝角。三角板上那个方方的角就是直角。,门框的角、课本的角都是直角；钟表上 2 点整时时针和分针的夹角比直角小，是锐角。
分数的意义,分数的初步认识,把一个整体**平均分**成几份，其中的一份或几份就可以用分数表示。关键词是平均分 —— 分得不均匀就不能用分数。分数下面的数叫分母，表示一共分成几份；上面的叫分子，表示取了几份。,一个蛋糕平均分成 4 份，取其中 1 份就是 1/4；分的时候一定要每份都一样大。
几分之一,分数的初步认识,像 1/2、1/3、1/4 这样的数叫几分之一，意思是平均分成几份、取其中的 1 份。分母越大说明分得越细，每一份反而越小，所以 **1/8 比 1/4 小**，别被数字的大小骗了。,1/3 表示把一个整体平均分成 3 份取 1 份；同样大的两个饼，分成 8 份的那一块比分成 4 份的小。
几分之几,分数的初步认识,取几份就是几分之几，比如平均分成 4 份取 2 份就是 2/4。它其实就是几个几分之一：2/4 就是 2 个 1/4。这样去想，后面学分数的加减也就不难理解了。,把一个长方形平均分成 4 份，涂色 2 份，涂色的部分就是 2/4，也就是 2 个 1/4。
简单分数加减,分数的初步认识,分母相同的分数相加减，规矩特别简单：**分母不变，只把分子相加减**。道理就像数苹果：3 个 1/4 加上 1 个 1/4 等于 4 个 1/4。分母不同的分数不能直接相加减，以后才会学到。,1/4+2/4 = 3/4；5/6−2/6 = 3/6。都是分母不动，只把分子相加减。
平移,生活中的运动现象,物体沿着直直的方向移动，本身的方向和大小都不变，只是换了个位置，这就是平移。电梯上下、抽屉推拉、缆车前进都是平移。判断看两点：**走的是直线，而且物体本身没有转动**。,推拉窗左右滑动、电梯上下升降都是平移；窗户挪了位置，但形状和大小一点没变。
旋转,生活中的运动现象,物体绕着一个固定的点或者轴转动，就叫旋转。风扇叶片、钟表指针、旋转木马都在旋转。它和平移最大的区别是：**平移走直线，旋转绕圈圈**，物体本身的方向会跟着改变。,电风扇的叶片绕着中心的轴转动、时钟的指针绕着表心转动，都是旋转。
轴对称,生活中的运动现象,把一个图形沿着一条直线对折，两边的部分能够完全重合，就是轴对称，这条直线叫对称轴。找对称轴有个小窍门：**对折后能严丝合缝叠在一起的那条折痕**，就是它。,蝴蝶的图案、天安门的形状都是轴对称；沿着中间那条线对折，左右两边正好重合。
口算除法,除数是一位数的除法,整十整百数除以一位数，可以想成几个十、几个百来分：60÷3 就是 6 个十平均分成 3 份，每份 2 个十也就是 20。**先用最高位上的数字去除，再在末尾添上相应个数的 0**。,60÷3 = 20、800÷4 = 200；想成 6÷3 = 2 再添一个 0，8÷4 = 2 再添两个 0。
笔算除法,除数是一位数的除法,列竖式时从最高位除起，一位不够除就看前两位；除到哪一位，商就写在那一位的上面。**每次除得的余数必须比除数小**，如果余数比除数大，说明商小了要调大。,84÷4：十位 8÷4 = 2 商 2，个位 4÷4 = 1 商 1，结果是 21。
商中间末尾有0,除数是一位数的除法,除到某一位时如果不够商 1，就要**在那一位上写 0 占位**，不能直接跳过去不写。少了这个 0，数位就全乱了，结果会差出十倍甚至百倍。这是除法里最常见的小陷阱。,306÷3 = 102，十位上 0 除以 3 不够商 1，一定要在十位写 0 占位。
长方形特征,长方形和正方形,长方形的两组对边分别相等，四个角都是直角。它有个好记的特点：**只要量出一条长和一条宽，另外两条边也就知道了**。生活里课本封面、门、桌面都是长方形。,课本封面是长方形，量出长 26 厘米、宽 18 厘米，另外两条边也分别是 26 厘米和 18 厘米。
正方形特征,长方形和正方形,正方形四条边全都相等，四个角都是直角。它其实是**长和宽相等的特殊长方形** —— 所以正方形有的特点长方形不一定有，而长方形有的特点正方形全都有。,方巾是正方形，量出一条边长 30 厘米，其余三条边也同样是 30 厘米。
周长,长方形和正方形,围成一个封闭图形的所有边加起来的总长度就是它的周长，简单说就是绕图形走一圈有多长。长方形的周长可以记成 **(长+宽)×2**，正方形的周长则是 **边长×4**。,长 8 厘米、宽 5 厘米的长方形，周长是 (8+5)×2 = 26 厘米。
面积含义,图形的面积,周长说的是边有多长，面积说的是面有多大，这两个不一样。比如课桌面比数学书封面大，说的是面积。判断面积大小可以**用同样大的小方格去铺，铺得多面积就大**。,课桌面比数学书封面大；用同样大的方格去铺，课桌面能铺的方格更多，所以它的面积更大。
面积单位,图形的面积,量面积要用面积单位：**边长 1 厘米的正方形，面积是 1 平方厘米**，指甲盖大约就这么大；边长 1 分米的正方形面积是 1 平方分米；边长 1 米的是 1 平方米，大约有一张小方桌那么大。,指甲盖的面积约 1 平方厘米；数学书封面的面积约 4 平方分米。
长方形正方形面积,图形的面积,长方形的面积 = **长×宽**，正方形的面积 = **边长×边长**。想知道为什么，就想成在长方形里摆小方格：每行摆几个、摆了几行，乘起来正好是方格的总个数。,长 8 厘米、宽 5 厘米的长方形，面积是 8×5 = 40 平方厘米；边长 4 厘米的正方形，面积是 4×4 = 16 平方厘米。
简单数据统计,数据的收集与整理,统计数据的方法是先分类、再数数、最后记录下来。为了让数过的不重复也不遗漏，可以用**画正字的办法**，一个正字正好 5 笔代表 5 个，数起来又快又清楚。,统计全班同学最喜欢的水果，每人举一次手，用画正字的方法记下苹果、香蕉、橘子各有多少人。
条形统计图,数据的收集与整理,条形统计图用长短不同的直条表示数量的多少，**直条越长表示的数量越多**，一眼就能比出谁多谁少。看图时要先看清一格代表几个，不然会把数读错。,画一张喜欢各种水果的人数统计图，喜欢苹果的直条最长，一眼就看出喜欢苹果的人最多。
小数含义,小数的初步认识,小数是分数的另一种写法：**十分之几可以写成零点几**，比如 3/10 写成 0.3。小数点右边第一位叫十分位。生活里价钱最常遇到它，0.3 元就是 3 角。,0.3 元就是 3 角，0.5 米就是 5 分米；1 米 3 分米写成小数是 1.3 米。
简单小数加减,小数的初步认识,小数加减法最重要的一条是**小数点要对齐**，也就是相同数位对齐，然后按整数加减法来算，最后在得数里点上小数点，让它和上面的小数点对齐。,1.2+0.5 = 1.7；3.6−1.4 = 2.2。列竖式时把小数点对齐，算起来就不容易出错。
亿以内数的认识,万以上数的认识,数位继续往左排：万、十万、百万、千万、亿。**每相邻两个计数单位之间的进率都是 10**，所以一千万一千万地数，数十次就是一亿。数大数时可以四位分一节，读起来不容易乱。,一千万一千万地数：一千万、二千万……数到十千万就是一亿。
十进制计数法,万以上数的认识,我们用的是十进制计数法，规律特别整齐：**每满 10 个低一级的单位，就换成 1 个高一级的单位**。10 个一是一十、10 个十是一百、10 个百是一千，一直这样往上叠。,10 个一是 10、10 个十是 100、10 个一百是 1000，满十就往前进一位。
近似数,万以上数的认识,近似数就是把一个准确的数看成接近它的整万、整亿数，方便记忆和比较。方法叫四舍五入：**要看的那一位后面如果是 4 或更小就舍去，是 5 或更大就进 1**。,345600 省略万位后面的尾数，千位上是 5 要进 1，所以 345600 ≈ 35 万。
直线射线线段,角的度量,这三种线的区别在于端点的个数：线段有两个端点、可以量出长度；射线只有一个端点、向一边无限延伸；直线没有端点、向两边无限延伸。**线段和射线都可以看成直线的一部分**。,把一条线段向一端无限延长就得到射线，向两端都无限延长就得到直线。
角的度量,角的度量,量角要用量角器，角的单位是度，写作小圆圈。量角时做到两重合、一看清：**量角器的中心对准角的顶点、0 刻度线对准角的一条边**，再看另一条边指着几度。,把量角器的中心对准顶点、0 刻度线对准一条边，另一条边指着 60，这个角就是 60 度。
角的分类与画角,角的度量,角按大小排个队：锐角小于 90 度、直角等于 90 度、钝角大于 90 度小于 180 度、平角等于 180 度、周角等于 360 度。平角的两条边成一条直线，周角则正好转了一整圈。,直角是 90 度；平角是 180 度，两条边正好成一条直线；周角是 360 度，正好转了一圈。
笔算乘法,多位数乘两位数,列竖式时把位数多的数写在上面，**先用两位数个位上的数去乘，再用十位上的数去乘**，注意第二次乘得的积末位要写在十位上（因为它实际是几十），最后把两次的结果相加。,123×45：先算 123×5 = 615，再算 123×40 = 4920，两次结果相加得 5535。
常见数量关系,多位数乘两位数,生活里有两组特别好用的关系式：**单价×数量 = 总价**、**速度×时间 = 路程**。知道其中两个就能求出第三个。记住它们，很多应用题一下子就变简单了。,每件 20 元买 3 件，总价是 20×3 = 60 元；每分钟走 60 米走了 5 分钟，路程是 60×5 = 300 米。
加法模型,加法模型和乘法模型,加法模型说的是把几部分合起来就是总数：**总量 = 各部分量之和**。看到题目问一共多少，先找出是哪几部分加在一起，列式就不难了。,全班人数 = 男生人数 + 女生人数；三个小组做的纸花总数 = 第一组 + 第二组 + 第三组。
乘法模型,加法模型和乘法模型,乘法模型说的是几个一样多的部分合起来：**总量 = 每份数 × 份数**。判断该用加法模型还是乘法模型，就看那几部分是不是一样多 —— 一样多就用乘法。,一本书的总页数 = 每页的行数 × 页数；种树的总棵数 = 每行的棵数 × 行数。
平行与垂直,平行四边形和梯形,在同一平面内**永远不相交**的两条直线互相平行；两条直线相交成直角时，就说它们互相垂直。判断时把线延长再看看，别被短短的一段给骗了。,双杠的两根横杆互相平行；黑板的长边和短边相交成直角，所以它们互相垂直。
平行四边形,平行四边形和梯形,两组对边分别平行的四边形是平行四边形。它有个有趣的脾气：**特别容易被拉动变形**，边的长短不变形状却变了。伸缩门、升降机就是利用它这个特点做成的。,小区的伸缩门上有许多平行四边形；门拉开时它们被拉得扁扁的，但每条边的长度没变。
梯形,平行四边形和梯形,**只有一组**对边平行的四边形叫梯形，这是它和平行四边形的区别（平行四边形两组对边都平行）。平行的那两条边分别叫上底和下底，不平行的两条叫腰。,梯子的侧面、水坝的横截面都像梯形；它只有上下两条边是平行的，另外两条边不平行。
单式条形图,条形统计图,单式条形统计图只表示一组数据，用一根根直条来比多少。**直条越长数量越多**，看图时先看清一格代表几个，还要注意必须从 0 开始画，不然会夸大多与少的差距。,画一张各班人数的统计图，一个班画一根直条，最长的那根就是人数最多的班。
复式条形图,条形统计图,复式条形图把两组数据画在一起，用两种颜色或花纹的直条并排对比，一眼就能看出两组的差别。看图一定要**先看清图例**，知道哪种颜色代表哪一组，不然会看反。,把男生和女生的人数画在一张图上，每个项目旁边两根直条，就能直接比出男生多还是女生多。
口算除法,除数是两位数的除法,口算时可以反过来想乘法：120÷30 就想 30 乘几等于 120，想到是 4，商就是 4。也可以把被除数和除数**末尾同样多的 0 先划掉**再算，结果完全一样。,120÷30 想 30×4 = 120 所以商是 4；也可以想成 12÷3 = 4。
笔算除法,除数是两位数的除法,除数是两位数时，先用四舍五入把它看成接近的整十数来试商。试出来的商可能偏大也可能偏小，**偏大了就调小、偏小了就调大**，调几次就能找到正确的商。,184÷23 把 23 看成 20 来试商，试出 8，验算 23×8 = 184 正好，所以商是 8。
商的变化规律,除数是两位数的除法,商的变化有规律可循：**除数不变，被除数乘几或除以几，商也跟着乘几或除以几**；被除数不变时，除数变大商反而变小。记住规律，有些题不用算就能判断。,被除数除以 2、除数不变，商也跟着除以 2；被除数乘 3、除数不变，商也跟着乘 3。
四则运算顺序,混合运算和运算律,四则混合运算的规矩是：**先算乘除、后算加减；有括号的先算括号里面的**；如果只有同一级运算，就从左往右按顺序算。括号里面的也要照这个规矩来。,2+3×4 先算 3×4 = 12 再算 2+12 = 14；(2+3)×4 则要先算括号里的 5，得 20。
加法运算律,混合运算和运算律,加法有两条偷懒法则：交换律是说**交换两个加数的位置，和不变**；结合律是说**先把哪两个加起来，和也不变**。遇到能凑成整十整百的数，先凑起来算最快。,38+45+55 先算 45+55 = 100，再加 38 得 138，比从左往右一步一步算快得多。
乘法运算律,混合运算和运算律,乘法也有三条好帮手：交换律（交换因数的位置积不变）、结合律（先乘哪两个积不变）、分配律 a×(b+c) = a×b+a×c。其中**分配律最能简化计算**，看到接近整十整百的数就拆开用。,25×(40+4) 用分配律得 25×40+25×4 = 1000+100 = 1100，比先算 44 再乘快得多。
三角形特性,三角形,三角形有个了不起的本领 —— **稳定性**：三条边的长度确定之后，形状就再也变不了，怎么推都推不扁。四边形就没这个本事，轻轻一拉就变形。所以自行车架、篮球架都用三角形来加固。,自行车车架、屋顶的支架都做成三角形，就是利用它不容易变形这个特点。
三角形分类,三角形,三角形有两种分类法。按角分：三个角都是锐角的叫锐角三角形，有一个直角的是直角三角形，有一个钝角的是钝角三角形。按边分：三条边都相等的是等边三角形，两条边相等的是等腰三角形。,等边三角形三条边都相等、三个角都是 60 度；等腰三角形只有两条边相等。
三角形内角和,三角形,不管什么三角形，三个内角加起来一定等于 180 度。验证的办法很有趣：**把三个角剪下来拼在一起，正好拼成一条直直的平角**。知道这条，已知两个角就能求出第三个。,直角三角形的一个锐角是 30 度，另一个锐角就是 180−90−30 = 60 度。
小数的意义,小数的认识,分母是 10、100、1000 的分数都能写成小数：一位小数表示十分之几、两位小数表示百分之几、三位小数表示千分之几。所以 **7/100 = 0.07**，小数点后面两位正好对应百分位。,7/100 = 0.07；0.5 表示 5 个 1/10，0.25 表示 25 个 1/100。
小数的性质,小数的认识,小数有个很方便的脾气：**在小数的末尾添上 0 或者去掉 0，小数的大小不变**。所以 0.3 和 0.30 一样大。注意只能是末尾，中间的 0 可不能随便去掉，那样会改变大小。,0.3 = 0.30 = 0.300，它们一样大；但 0.03 和 0.3 不一样大，中间的 0 不能去掉。
小数大小比较,小数的认识,比较小数的大小分两步：**先比整数部分，整数部分大的那个数就大**；整数部分相同时，再依次比较十分位、百分位，一位一位往下比。别一上来就数小数位数，位数多不代表数大。,2.5 大于 1.9，因为整数部分 2 大于 1；0.35 大于 0.3，因为十分位相同，百分位上 5 大于 0。
小数加减法,小数的加法和减法,小数加减法的关键是**小数点对齐**，这样相同数位就自然对齐了，然后按整数加减法来算，最后在得数里点上小数点。如果位数不一样，可以在末尾补 0 再算，更不容易错。,3.4+2.1 = 5.5；5−1.3 可以写成 5.0−1.3 = 3.7，先补个 0 再算会清楚很多。
小数加减混合,小数的加法和减法,小数加减混合运算从左往右按顺序算就行；如果能凑整，也可以用加法交换律和结合律先把能凑整的凑起来算。小数同样适用那些运算律，凑成整数是最好算的。,5.6−1.2+0.4 按顺序算得 4.8；也可以先算 5.6+0.4 = 6 再减 1.2，同样得 4.8。
平均数的意义,平均数,平均数是把一组数据拉平之后得到的数，它能代表这组数据的**总体水平**。要注意它不一定是这组里真实存在的数，比如三个人的平均分可能是 85 分，但没有一个人正好考 85 分。,小明三次考试的平均分是 85 分，说明他整体水平在 85 分上下，不代表每次都考 85 分。
求平均数,平均数,求平均数的方法只有一个：**平均数 = 总数量 ÷ 总份数**，也就是先全部加起来再平均分。算的时候一定要除以份数而不是别的数，这是最容易出错的地方。,三次考试分别是 90、80、70 分，平均分是 (90+80+70)÷3 = 80 分。
﻿从前面上面左面观察,观察简单组合体,几个立体图形拼在一起就叫组合体。看组合体时，从前面、上面、左面看到的形状常常各不相同。有个好办法：**看到立体的就数一数有几列、每列最高有几层**，把看到的方格一个个记下来，就不容易漏掉。,用 4 个小正方体搭成的物体，从前面看是两层，从上面看可能是两排，两个方向看到的并不一样。
画出视图,观察简单组合体,把看到的形状画到纸上，画出来的图叫视图。画的时候**只画轮廓不画远近**：每个小方块画成一个小方格，有几列几层就画几格。画完再对照实物看一遍，检查有没有多画或者少画。,从上面看一个由 4 个小正方体拼成的物体，就在纸上画出对应的 4 个小方格。
小数乘整数,小数乘法,小数乘整数，先**当成整数乘法来算**，再看因数里有几位小数，就从积的右边起数出几位点上小数点。比如 2.5 有一位小数，积也就有一位小数。末尾的 0 一般可以去掉。,2.5×4 先算 25×4 = 100，因数里有一位小数，所以积是 10.0 也就是 10。
小数乘小数,小数乘法,两个小数相乘，同样先按整数乘法算，然后**数一数两个因数一共有几位小数，积就有几位小数**。位数不够时要在前面补 0 再点小数点，这一步最容易漏掉。,1.2×0.3 先算 12×3 = 36，两个因数一共有两位小数，所以积是 0.36。
积的近似数,小数乘法,求积的近似数，先算出准确的积，再按要求保留位数：**看要保留的那一位后面一位，是 4 或更小就舍去，是 5 或更大就进 1**。结果要用约等号，末尾的 0 表示精确度，不能随便去掉。,2.34×1.2 = 2.808，保留一位小数约等于 2.8，保留两位小数约等于 2.81。
除数是整数,小数除法,除数是整数的小数除法，**按整数除法的方法算，商的小数点要和被除数的小数点对齐**。如果除到末尾还有余数，可以在后面添 0 继续除下去，直到除尽或达到要求的位数。,12.6÷6 先按 126÷6 = 21 来算，再把商的小数点对齐被除数，得 2.1。
除数是小数,小数除法,除数是小数时先把它变成整数：**除数的小数点向右移动几位，被除数的小数点也向右移动几位**（位数不够就补 0），然后按除数是整数的除法来算。,1.2÷0.3 把除数和被除数的小数点都向右移一位，变成 12÷3 = 4。
循环小数,小数除法,除不尽时，如果商的小数部分从某一位起，一个或几个数字依次不断重复出现，这样的小数叫循环小数。写的时候可以写出前几个重复的数字再加省略号，也可以**在重复的数字上面点一个小圆点**。,1÷3 = 0.333…，3 一直重复下去；也可以写成 0.3 并在 3 上面点一个小圆点。
平移,图形的运动,图形平移时**形状和大小都不变，只是位置变了**。要描述一次平移得说清两件事：往哪个方向、移动了多少格。数格子时可以盯住图形上的同一个点，看它一共移动了几格。,小船向右平移 5 格，整个图的每条边都跟着向右移动 5 格，形状一点没变。
旋转,图形的运动,图形旋转要说清三件事：**绕哪个点转、往哪个方向转（顺时针还是逆时针）、转了多少度**。旋转之后图形的形状和大小也不变，只是方向和位置改变了。,风车绕着中心的点按顺时针方向转 90 度，叶片换了位置，但形状和大小都没变。
轴对称再认识,图形的运动,一个图形沿一条直线对折后两边完全重合，就是轴对称图形，这条直线叫对称轴。画图时记住两条：**对称点到对称轴的距离相等，它们的连线被对称轴垂直平分**。,正方形有 4 条对称轴，长方形有 2 条，等边三角形有 3 条，圆有无数条。
用字母表示数,用字母表示数和数量关系,用字母可以表示数，比如 a+3 就表示某个数加上 3。这样写的好处是**一句话能概括很多种情况**。写法上有规矩：数字写在字母前面（3a 不写 a3），1 可以省略不写（1×a 写成 a）。,小明比小红大 3 岁，如果小红 a 岁，小明就是 a+3 岁；买 3 本每本 a 元的本子，一共 3a 元。
用字母表示公式,用字母表示数和数量关系,用字母表示公式又短又好记：长方形面积 S = ab、正方形面积 S = a 的平方、路程 s = vt。要注意**同一个字母在同一个式子里表示同一个量**，不同的量要用不同的字母，别混着用。,长方形的长 a、宽 b，面积就写成 S = ab；正方形的边长 a，面积写成 S = a×a 也就是 a 的平方。
简易方程,用字母表示数和数量关系,含有未知数的等式叫方程，比如 2x+1 = 5。解方程就是求出 x 等于几，依据是**等式的性质：等式两边同时加减乘除同一个数（0 不能作除数），等式仍然成立**。解完代入检验是个好习惯。,解 2x+1 = 5：两边先减 1 得 2x = 4，再同时除以 2 得 x = 2。
平行四边形面积,多边形的面积,平行四边形的面积 = **底×高**，写成 S = ah。想知道为什么，可以**沿着高剪下一个三角形补到另一边，正好拼成一个长方形**。要注意高必须是底边对应的那条垂直线段，不能拿斜边当高。,底 10 厘米、高 6 厘米的平行四边形，面积是 10×6 = 60 平方厘米。
三角形面积,多边形的面积,三角形的面积 = **底×高÷2**。道理很简单：**两个完全一样的三角形能拼成一个平行四边形**，所以三角形正好是它的一半。千万别忘记除以 2，这是最常见的错误。,底 12 厘米、高 5 厘米的三角形，面积是 12×5÷2 = 30 平方厘米。
梯形面积,多边形的面积,梯形的面积 = **(上底+下底)×高÷2**。理解的办法是：**两个完全一样的梯形能拼成一个平行四边形**，拼成后底边正好是上底加下底，所以再除以 2 才是原来一个梯形的面积。,上底 4、下底 6、高 5 的梯形，面积是 (4+6)×5÷2 = 25。
组合图形,多边形的面积,求组合图形的面积，办法是**把它拆成几个学过的图形分别算再相加**，或者先补成一个大图形再减去补上的那部分。动手画一画辅助线，看清能分成哪几块，题目就简单了。,房子的侧面图可以分成一个长方形和一个三角形，分别算出面积再相加。
事件发生的确定性,可能性,有的事一定会发生（太阳从东边升起），有的事一定不会发生（太阳从西边升起），这两种叫确定事件。还有可能发生也可能不发生的，叫不确定事件，也叫随机事件。,太阳从东边升起是一定的；掷骰子掷出 7 点是不可能的；明天会不会下雨则是不确定的。
可能性大小,可能性,可能性的大小和数量多少有关：**某种结果在总数里占得越多，发生的可能性就越大**。比如盒子里红球多白球少，摸到红球的可能性就大。但可能性大不等于一定发生，这个区别要记清。,盒子里有 9 个红球 1 个白球，摸一次摸到红球的可能性大得多，但也有可能摸到白球。
因数倍数,因数和倍数,如果整数 a 能被整数 b 整除，那么 b 就是 a 的因数，a 就是 b 的倍数。因数和倍数是**相互依存**的，不能单独说 3 是因数，要说 3 是 12 的因数。一个数的因数个数有限，倍数却有无穷多个。,12 的因数有 1、2、3、4、6、12；12 的倍数有 12、24、36……一直数不完。
2、5、3的倍数特征,因数和倍数,判断一个数是不是 2、5、3 的倍数，不用去除：**个位是 0、2、4、6、8 的数是 2 的倍数；个位是 0 或 5 的是 5 的倍数；各位上数字之和是 3 的倍数，这个数就是 3 的倍数**。三条都非常好用。,15 的各位数字之和 1+5 = 6，6 是 3 的倍数，所以 15 是 3 的倍数。
质数合数,因数和倍数,只有 1 和它本身两个因数的数叫质数（也叫素数），比如 2、3、5、7；除了 1 和本身还有别的因数的数叫合数。**1 既不是质数也不是合数**，这是最容易记错的一条。,2、3、5、7 是质数；4、6、8、9 是合数；1 既不是质数也不是合数。
分数意义,分数的认识,把一个整体（也就是单位 1）平均分成若干份，这样的一份或几份都可以用分数表示。这里的整体可以是一个物体，也可以是一堆物体，**关键是必须平均分**。,把 1 米长的绳子平均分成 4 份，取其中 3 份，就是 3/4 米。
分数单位,分数的认识,把单位 1 平均分成若干份，其中的一份就是这个分数的分数单位。简单说，**分母是几，分数单位就是几分之一**。比如 3/4 的分数单位是 1/4，它里面正好有 3 个这样的分数单位。,3/4 的分数单位是 1/4，它里面有 3 个 1/4；5/8 的分数单位是 1/8，里面有 5 个 1/8。
真分数假分数,分数的认识,分子比分母小的分数叫真分数，它们都比 1 小；分子大于或等于分母的叫假分数，它们等于 1 或者比 1 大。假分数还能化成整数或带分数，比如 5/4 就是 1 又 1/4。,3/4 是真分数，比 1 小；5/4 是假分数，等于 1 又 1/4，比 1 大。
分数的基本性质,分数的认识,分数的分子和分母**同时乘或除以相同的数（0 除外），分数的大小不变**，这就是分数的基本性质，它是约分和通分的依据。理解的办法是：分得更细或更粗，取到的那部分其实一样大。,1/2 = 2/4 = 3/6，分子分母同时乘 2、乘 3，分数的大小并没有变。
同分母分数加减,分数的加法和减法,分母相同的分数相加减，**分母不变，只把分子相加减**。算完如果结果不是最简分数，还要约成最简分数。道理和以前一样：3 个 1/5 加 2 个 1/5 等于 5 个 1/5。,1/5+2/5 = 3/5；7/8−3/8 = 4/8，约成最简分数是 1/2。
异分母分数加减,分数的加法和减法,分母不同的分数不能直接相加减，因为它们的分数单位不一样，要**先通分化成同分母的分数**，再按同分母分数的法则来算。通分时用两个分母的最小公倍数作公分母，数字会小一些。,1/2+1/3 先通分成 3/6+2/6，再相加得 5/6。
混合运算,分数的加法和减法,分数的加减混合运算，可以先把所有分数一次性通分再按顺序计算，也可以从左往右分步算。和整数混合运算一样，**有括号的要先算括号里的**，结果别忘了约成最简分数。,1/2+1/3−1/4 通分成 6/12+4/12−3/12，结果等于 7/12。
长方体特征,长方体和正方体,长方体有 6 个面、12 条棱、8 个顶点，**相对的面完全相同，相对的棱长度相等**。相交于一个顶点的三条棱分别叫长、宽、高。所以只要知道长宽高，它的样子就完全确定了。,牙膏盒是长方体；它相对的两个面一样大，12 条棱可以分成 3 组，每组 4 条一样长。
正方体特征,长方体和正方体,正方体的 6 个面都是**完全相同的正方形**，12 条棱长度全都相等。它是长、宽、高都相等的特殊长方体，所以长方体有的特点它都有，还多了所有面都一样这一条。,魔方是正方体；它的 12 条棱一样长，6 个面都是同样大的正方形。
表面积,长方体和正方体,长方体或正方体**六个面的总面积**叫表面积。长方体表面积 = (长×宽 + 宽×高 + 长×高)×2；正方体表面积 = 棱长×棱长×6。算之前先想清楚要算几个面，无盖鱼缸就只有 5 个面。,长 5、宽 4、高 3 的长方体，表面积是 (5×4+4×3+5×3)×2 = 94。
体积容积,长方体和正方体,物体所占空间的大小叫体积，容器能装多少东西叫容积。长方体体积 = **长×宽×高**，也可以写成**底面积×高**；正方体体积 = 棱长×棱长×棱长。容积的算法一样，只是要从里面量。,长 5、宽 4、高 3 的长方体，体积是 5×4×3 = 60 立方厘米。
单式折线图,折线统计图,折线统计图用点的位置和折线的升降表示数量的多少与变化情况。**线往上走表示增加、往下走表示减少，越陡说明变化越快**。它最适合表示一段时间内数量的变化趋势。,画一张一天内体温变化的折线图，能一眼看出体温什么时候升高、什么时候降下来。
复式折线图,折线统计图,复式折线图把两组数据的折线画在同一张图上，方便比较它们的变化趋势。看图时**一定要先看图例**，分清实线和虚线各代表哪一组，不然很容易把两组数据看反。,把甲、乙两座城市一周的气温画在一张折线图上，就能直接比较两地谁更热、变化谁更大。
用方向和距离确定位置,确定位置,要确定一个点的位置需要两个条件：**方向和距离**。说方向时以南北为基准偏向东西，比如东偏北 30 度；再加上距离，位置就唯一确定了。反过来已知位置也能说出方向和距离。,某点在观测点的东偏北 30 度方向、距离 600 米处，这样一说就能准确找到它。
描述路线图,确定位置,描述一条路线要**一段一段地说**：每段说清往什么方向走、走了多远、到达哪里，再接着说下一段。每换一段观测点也跟着变了，方向要重新看，这是最容易出错的地方。,从学校出发先向东走 400 米到书店，再向北走 300 米到公园，这样一段段说清楚。
分数乘整数,分数乘法,分数乘整数，**用分子和整数相乘的积作分子，分母不变**，能约分的先约分再乘会更简单。它表示的意义是几个相同分数相加，比如 1/3×2 就是 2 个 1/3。,1/3×2 = 2/3；3/8×4 先约分成 3/2×1，结果是 3/2 也就是 1 又 1/2。
分数乘分数,分数乘法,分数乘分数，**用分子相乘的积作分子、分母相乘的积作分母**，同样先约分再乘最省事。它表示的意义是求一个数的几分之几是多少，比如 1/2×1/3 就是 1/2 的 1/3。,1/2×1/3 = 1/6；2/3×3/4 先约分再乘，得 1/2。
解决问题,分数乘法,求一个数的几分之几是多少，**用这个数乘分数**，比如 20 的 1/4 就是 20×1/4 = 5。做这类题的关键是找准单位 1 也就是被分的那个整体，通常「的」字前面那个量就是它。,20 的 1/4 是 20×1/4 = 5；全班 40 人、男生占 1/2，男生有 40×1/2 = 20 人。
分数除以整数,分数除法,分数除以一个整数（0 除外）等于**乘这个整数的倒数**，比如 2/3÷2 就变成 2/3×1/2。记住一句话：**除以一个数等于乘这个数的倒数**，这样除法就都变成乘法了。,2/3÷2 = 2/3×1/2 = 1/3；6/7÷3 = 6/7×1/3 = 2/7。
一个数除以分数,分数除法,不管是整数除以分数还是分数除以分数，规矩都一样：**乘除数的倒数**。把除数的分子分母颠倒位置，除号变成乘号，然后按分数乘法来算就可以了。,2/3÷1/2 = 2/3×2 = 4/3，也就是 1 又 1/3。
比与除法,分数除法,两个数相除又叫两个数的比，比如 3 比 2 写作 3:2。**比号前面的叫前项、后面的叫后项，前项除以后项的结果叫比值**。比和除法、分数关系密切，只是写法不同。,3:2 的比值是 3÷2 = 1.5；后项不能为 0，就像除数不能为 0 一样。
圆的认识,圆,圆是由一条曲线围成的图形。**圆心决定圆的位置，半径决定圆的大小**。同一个圆里半径有无数条并且都相等，直径等于半径的 2 倍。用圆规画圆时，针尖所在的点就是圆心，两脚间的距离是半径。,用圆规画一个半径 3 厘米的圆，针尖扎的那一点是圆心，圆规两脚要张开 3 厘米。
圆的周长,圆,圆的周长和直径的比值是一个固定的数，叫圆周率，用 π 表示，约等于 3.14。所以圆的周长 **C = πd = 2πr**：知道直径就乘 π，知道半径就乘 2 再乘 π。,半径 3 厘米的圆，周长是 2×3.14×3 = 18.84 厘米；直径 6 厘米时周长也是 18.84 厘米。
圆的面积,圆,圆的面积 = **π×半径×半径**，写成 S = πr 的平方。想理解它，可以把圆切成很多小扇形再拼成一个近似的长方形：**长方形的长相当于周长的一半、宽相当于半径**，所以面积正好是 πr 的平方。,半径 3 厘米的圆，面积是 3.14×3×3 = 28.26 平方厘米。
百分数的意义,百分数,表示一个数是另一个数的百分之几的数叫百分数，也叫百分率或百分比，写作百分号。它**只表示两个数之间的倍比关系，后面不能带单位名称**。生活里到处都能见到它，比如合格率、出勤率、打折。,全班 40 人、男生 20 人，男生占全班的 50%，也就是一半。
百分数互化,百分数,百分数和小数、分数可以互相改写：**百分数化小数，把小数点向左移两位并去掉百分号；小数化百分数，小数点向右移两位再加上百分号**；百分数化分数，先写成分母是 100 的分数再约分。,0.25 = 25% = 1/4；0.8 = 80% = 4/5。
比的意义性质,比和比例关系,比的前项和后项**同时乘或除以相同的数（0 除外），比值不变**，这就是比的基本性质，利用它可以把比化成最简单的整数比。比如 2:3 和 4:6 的比值一样，它们是相等的比。,2:3 = 4:6 = 6:9，前后项同时乘 2 或乘 3，比值始终不变。
比例的意义性质,比和比例关系,表示两个比相等的式子叫比例，比如 1:2 = 2:4。比例有个重要性质：**两个外项的积等于两个内项的积**，用它可以检验一个比例对不对，也能用来解未知的项。,在 1:2 = 2:4 中，外项 1×4 = 4、内项 2×2 = 4，两个积正好相等。
正比例,比和比例关系,两种相关联的量，如果它们**相对应的两个数的比值（也就是商）一定**，这两种量就成正比例关系。比如速度一定时，路程和时间成正比例：用的时间越长，走的路程就越远。,速度一定时路程和时间成正比例；单价一定时总价和数量也成正比例。
反比例,比和比例关系,两种相关联的量，如果它们**相对应的两个数的乘积一定**，这两种量就成反比例关系。比如路程一定时，速度和时间成反比例：走得越快，用的时间反而越短。,路程一定时速度和时间成反比例；总价一定时单价和数量也成反比例。
扇形统计图认识,扇形统计图,扇形统计图用整个圆表示总数，用圆内各个扇形的大小表示各部分占总数的百分之几。它的好处是**能一眼看出各部分占整体的比例**，但不适合用来看具体的数量和变化趋势。,用扇形统计图表示全班喜欢各种运动的人数占比，喜欢篮球的那块最大就说明人最多。
选择合适统计图,扇形统计图,三种统计图各有分工：**条形统计图适合比多少，折线统计图适合看变化趋势，扇形统计图适合看各部分占整体的比例**。选之前先想清楚自己要表达的是什么，再决定用哪一种。,要表示气温的变化趋势用折线统计图；要表示各分数段人数占全班的百分比用扇形统计图。
圆柱认识,圆柱和圆锥,圆柱有两个底面和一个侧面：**两个底面是完全相同的圆，侧面是一个曲面**，把侧面展开后是一个长方形。圆柱两个底面之间的距离叫高，它有无数条高并且都相等。,茶叶筒是圆柱；它的上下两个底面是同样大的圆，把侧面剪开摊平是一个长方形。
圆柱的表面积,圆柱和圆锥,圆柱的表面积 = **侧面积 + 两个底面积**。侧面积等于底面周长乘高也就是 2πrh，两个底面积是 2πr 的平方。实际问题中常遇到只算侧面（做烟囱）或无盖（做水桶）的情况，要按需取面。,底面半径 2、高 5 的圆柱，侧面积是 2×3.14×2×5 = 62.8，再加上两个底面积就是它的表面积。
圆柱体积,圆柱和圆锥,圆柱的体积 = **底面积×高**，写成 V = πr 的平方×h。推导的办法是把圆柱切成很多小扇形再拼成一个近似的长方体：拼成后底面积还是圆柱的底面积，高也还是圆柱的高。,底面半径 2、高 5 的圆柱，体积是 3.14×2×2×5 = 62.8 立方厘米。
圆锥体积,圆柱和圆锥,圆锥的体积等于**和它等底等高的圆柱体积的三分之一**，写成 V = 三分之一×πr 的平方×h。这个三分之一可以用装沙子的实验验证：装满圆锥的沙子倒进等底等高的圆柱，正好三次倒满。千万别漏掉三分之一。,底面半径 3、高 4 的圆锥，体积是 三分之一×3.14×3×3×4 = 37.68 立方厘米。
数与代数,总复习,这一块把小学阶段学过的数串起来：整数、小数、分数、百分数，以及它们的四则运算、用字母表示数和方程。**复习的重点不是背公式，而是弄清运算之间的联系**：减法是加法的逆运算、除法是乘法的逆运算、除以一个数等于乘它的倒数。,看到 2/3÷4 要立刻想到 2/3×1/4；看到 0.25 要能想到 25% 和 1/4，它们说的是同一件事。
图形与几何,总复习,这一块串起图形知识：平面图形的周长和面积、立体图形的表面积和体积、图形的运动与位置。**核心线索是公式是怎么来的**：三角形面积是平行四边形的一半，圆锥体积是等底等高圆柱的三分之一。,复习时把面积公式排成一列看：长方形 ab、平行四边形 ah、三角形 ah÷2、梯形 (a+b)h÷2 —— 后面几个都能变回长方形。
统计与概率,总复习,这一块串起数据的收集整理、三种统计图的特点，以及可能性的大小。**记住一句话就能选对图：比多少用条形、看变化用折线、看占比用扇形**。可能性则要看某种结果在总数里占得多不多。,要说明一周气温怎么变，选折线统计图；要说明各项支出占零花钱的多少，选扇形统计图。
