point,chapter,stem,optionA,optionB,optionC,optionD,answer,visual,note
平面直角坐标系,平面直角坐标系,点 P（3，−2）在第几象限,第一象限,第二象限,第三象限,第四象限,D,coordinate-plane|points=3~-2~P,四象限符号依次为 正正 / 负正 / 负负 / 正负
平面直角坐标系,平面直角坐标系,点（−4，0）在,x 轴上,y 轴上,第一象限,第二象限,A,coordinate-plane|points=-4~0~A,纵坐标为 0 的点在 x 轴上
平面直角坐标系,平面直角坐标系,原点 O 的坐标是,（0，0）,（1，1）,（0，1）,（1，0）,A,coordinate-plane|points=0~0~O,两轴交点即原点
用坐标表示位置,平面直角坐标系,点 A 在原点右边 3 个单位、上边 4 个单位，A 的坐标是,（3，4）,（4，3）,（−3，4）,（3，−4）,A,coordinate-plane|points=3~4~A,先横后纵：右 3 上 4
用坐标表示位置,平面直角坐标系,点 B（−2，5）到 x 轴的距离是,5,2,−2,7,A,coordinate-plane|points=-2~5~B,到 x 轴距离 = |纵坐标|
用坐标表示位置,平面直角坐标系,座位「3 排 5 座」记作（3，5），那么（5，3）表示,5 排 3 座,3 排 5 座,5 排 5 座,3 排 3 座,A,coordinate-plane|points=3~5~（3，5）;5~3~（5，3）|xMin=0|xMax=6|yMin=0|yMax=6,有序数对顺序不能颠倒
用坐标表示平移,平面直角坐标系,点 A（2，3）向右平移 3 个单位后的坐标是,（5，3）,（2，6）,（−1，3）,（5，6）,A,coordinate-plane|points=2~3~A;5~3~A',右移横坐标加
用坐标表示平移,平面直角坐标系,点 B（−1，4）向下平移 2 个单位后的坐标是,（−1，2）,（1，4）,（−1，6）,（−3，4）,A,coordinate-plane|points=-1~4~B;-1~2~B',下移纵坐标减
用坐标表示平移,平面直角坐标系,把点（1，2）先向右平移 2 个单位、再向上平移 3 个单位，得到,（3，5）,（3，−1）,（−1，5）,（2，3）,A,coordinate-plane|points=1~2~P;3~5~P',横纵两个方向分别加减
数轴,有理数,数轴上表示 −3 的点在原点的,左边 1 个单位,右边 3 个单位,原点处,左边 3 个单位,D,number-line|min=-5|max=5|value=-3,负数在原点左侧
数轴,有理数,在数轴上，−2 与 3 之间（不含两端）的整数有,5 个,3 个,4 个,6 个,C,number-line|min=-3|max=4|rangeFrom=-2|rangeTo=3,−1、0、1、2 共 4 个
分数意义,分数的认识,把一个蛋糕平均分成 4 份，取其中 3 份，用分数表示是,3/3,4/3,1/4,3/4,D,fraction|numerator=3|denominator=4,分母是总份数、分子是取的份数
分数意义,分数的认识,比较 3/4 与 2/3 的大小,一样大,2/3 更大,3/4 更大,无法比较,C,fraction|numerator=3|denominator=4|compare=2/3,通分后 9/12 > 8/12
正数和负数,有理数,向东走 5 米记作 +5 米，那么 −3 米表示,向东走 3 米,向西走 3 米,向西走 5 米,原地不动,B,,正负数表示一对相反意义的量
正数和负数,有理数,商店把盈利 200 元记作 +200 元，那么 −150 元表示,亏损 150 元,盈利 150 元,亏损 50 元,收入 150 元,A,,先规定哪个为正再写符号
有理数,有理数,下列各数中，是负分数的是,3,−2,0,−1/2,D,,整数和分数统称有理数
有理数,有理数,关于 0 的说法正确的是,0 是负数,0 是正数,0 既不是正数也不是负数,0 是最小的有理数,C,,0 是正数与负数的分界
相反数,有理数,−7 的相反数是,−7,7,1/7,−1/7,B,,只有符号不同的两个数互为相反数
相反数,有理数,相反数是它本身的数是,0,1,−1,不存在这样的数,A,,0 的相反数还是 0
绝对值,有理数,|−5| 的值是,0,−5,1/5,5,D,number-line|min=-6|max=6|value=-5,绝对值表示到原点的距离
绝对值,有理数,绝对值等于 3 的数是,只有 −3,只有 3,3 和 −3,不存在,C,,互为相反数的两个数绝对值相等
有理数大小比较,有理数,下列各式正确的是,−3 > −2,−3 < −2,−3 > 0,−2 < −3,B,number-line|min=-4|max=2|rangeFrom=-3|rangeTo=-2,两个负数比较，绝对值大的反而小
有理数大小比较,有理数,把 −2、0、−1 按从大到小排列是,0 > −1 > −2,−1 > 0 > −2,−2 > −1 > 0,0 > −2 > −1,A,,正数大于 0，0 大于负数
有理数加法,有理数的运算,（−3）+（−5）的结果是,8,−2,2,−8,D,,同号相加取相同符号并把绝对值相加
有理数加法,有理数的运算,（−7）+ 4 的结果是,−11,3,−3,11,C,,异号相加取绝对值较大的那个符号
有理数减法,有理数的运算,5 −（−3）的结果是,2,8,−2,−8,B,,减去一个数等于加上它的相反数
有理数减法,有理数的运算,（−2）− 6 的结果是,−8,−4,4,8,A,,减法统一化成加法再算
有理数乘法,有理数的运算,（−4）×（−3）的结果是,7,−12,−7,12,D,,同号相乘得正
有理数乘法,有理数的运算,（−2）× 3 ×（−1）的结果是,5,−6,6,−5,C,,负因数为偶数个时积为正
有理数除法,有理数的运算,（−18）÷ 3 的结果是,6,−6,−15,−54,B,,异号相除得负
有理数除法,有理数的运算,（−24）÷（−6）的结果是,4,−4,−18,18,A,,同号相除得正
乘方,有理数的运算,（−2）³ 的结果是,6,8,−6,−8,D,,负数的奇次幂是负数
乘方,有理数的运算,−2⁴ 的结果是,−8,16,−16,8,C,,底数是 2 不是 −2，先算乘方再取相反数
科学记数法,有理数的运算,32000 用科学记数法表示为,32×10³,3.2×10⁴,3.2×10³,0.32×10⁵,B,,a×10ⁿ 中 1 ≤ |a| < 10
科学记数法,有理数的运算,1.5×10⁵ 表示的数是,150000,15000,1500000,105000,A,,把小数点向右移动 5 位
近似数,有理数的运算,把 3.14159 精确到百分位是,3.1,3.15,3.142,3.14,D,,看千分位四舍五入
近似数,有理数的运算,近似数 2.40 万精确到,万位,百分位,百位,千位,C,,2.40 万 = 24000，末位 0 在百位
列代数式,代数式,比 a 的 2 倍小 3 的数用代数式表示是,2a + 3,2a − 3,3 − 2a,2（a − 3）,B,,先读准「的」字再定运算顺序
列代数式,代数式,一件商品原价 a 元，打八折后的售价是,0.8a 元,8a 元,0.2a 元,（a − 8）元,A,,打几折就是原价的十分之几
代数式的值,代数式,当 a = −2 时，代数式 3a + 1 的值是,−7,5,7,−5,D,,代入负数时要加括号
代数式的值,代数式,当 x = 3、y = −1 时，x² − 2y 的值是,10,7,11,8,C,,先代入再按顺序算
整式,整式的加减,下列式子中，是单项式的是,x + 1,−3x²y,1/x,x − y,B,,数与字母的积叫单项式，分母含字母的式子不是
整式,整式的加减,多项式 3x² − 2x + 1 的次数是,2,3,1,5,A,,多项式的次数取次数最高那一项
整式的加法与减法,整式的加减,化简 3a + 2a 的结果是,6a²,6a,5a²,5a,D,,同类项只把系数相加，字母部分不变
整式的加法与减法,整式的加减,化简（2x − 3）−（x − 1）的结果是,3x − 4,x − 4,x − 2,x + 2,C,,括号前是负号，去括号要变号
方程,一元一次方程,下列式子中，是方程的是,3 + 2 = 5,2x − 1 = 5,2x − 1,x > 3,B,,含未知数的等式才是方程
方程,一元一次方程,x = 2 是下列哪个方程的解,3x − 1 = 5,2x = 6,x + 1 = 2,4x = 2,A,,把 x = 2 代进去看左右是否相等
等式的性质,一元一次方程,由 a = b 得到 a + 3 = b + 3，依据的是,等式两边可以交换,等式两边乘同一个数,等式两边除以同一个数,等式两边加同一个数结果仍相等,D,,等式性质 1
等式的性质,一元一次方程,由 2x = 6 得到 x = 3，依据的是,等式两边乘 2,等式两边加 2,等式两边除以同一个不为 0 的数,把 2 移到等号右边,C,,等式性质 2，除数不能为 0
解一元一次方程,一元一次方程,方程 2x − 4 = 0 的解是,x = −2,x = 2,x = 4,x = 0,B,,移项一定要变号
解一元一次方程,一元一次方程,方程 3x + 5 = 2x − 1 的解是,x = −6,x = 6,x = 4,x = −4,A,,把含 x 的项都移到同一边
实际问题与一元一次方程,一元一次方程,某数的 3 倍比它的一半大 10，设这个数为 x，列出的方程是,x/2 − 3x = 10,3x + x/2 = 10,3x = 10 − x/2,3x − x/2 = 10,D,,先翻译成代数式再找等量关系
实际问题与一元一次方程,一元一次方程,甲比乙大 5，两人之和是 25，设甲为 x，列出的方程是,x − 5 = 25,x +（x + 5）= 25,x +（x − 5）= 25,2x + 5 = 25,C,,设谁为 x，另一个就用含 x 的式子表示
立体图形与平面图形,几何图形初步,下列图形中，属于立体图形的是,正方形,正方体,三角形,圆,B,,立体图形占有一定的空间
立体图形与平面图形,几何图形初步,圆柱的侧面展开图是,长方形,圆,三角形,梯形,A,,沿着一条高剪开再摊平
点线面体,几何图形初步,笔尖在纸上滑动画出一条线，这说明了,体动成面,线动成面,面动成体,点动成线,D,,点线面体之间的生成关系
点线面体,几何图形初步,长方形绕它的一条边旋转一周形成的几何体是,球,圆锥,圆柱,正方体,C,,面动成体
直线射线线段,几何图形初步,把弯曲的绳子拉直后变短了，理由是,线段可以度量长度,两点之间线段最短,直线没有端点,射线只有一个端点,B,,线段公理
直线射线线段,几何图形初步,已知线段 AB = 6 cm，点 C 是 AB 的中点，则 AC 的长是,3 cm,6 cm,12 cm,2 cm,A,,中点把线段分成相等的两段
角,几何图形初步,1 周角等于,60°,180°,90°,360°,D,,1 周角 = 2 平角 = 4 直角
角,几何图形初步,1 度等于,60 秒,100 分,60 分,360 分,C,,度分秒是 60 进制
余角和补角,几何图形初步,∠α = 35°，则它的余角是,65°,55°,145°,125°,B,,两角之和为 90° 时互为余角
余角和补角,几何图形初步,一个角的补角是 120°，这个角是,60°,30°,80°,240°,A,,两角之和为 180° 时互为补角
两条直线相交,相交线与平行线,两条直线相交形成的四个角中，不相邻的两个角叫做,内错角,邻补角,同位角,对顶角,D,,顶点相同且两边互为反向延长线
两条直线相交,相交线与平行线,∠1 与 ∠2 是对顶角，若 ∠1 = 65°，则 ∠2 =,25°,115°,65°,130°,C,,对顶角一定相等
两条直线垂直,相交线与平行线,两条直线互相垂直时，它们的夹角是,60°,90°,180°,45°,B,,垂直是相交的特殊情形
两条直线垂直,相交线与平行线,在同一平面内，过一点画已知直线的垂线,有且只有一条,有两条,有无数条,一条也画不出,A,,垂线的基本性质
平行线判定,相交线与平行线,下列能判定两条直线平行的是,邻补角互补,对顶角相等,同旁内角相等,同位角相等,D,,判平行看三类角的关系
平行线判定,相交线与平行线,下列说法正确的是,同旁内角相等则两直线平行,同位角互补则两直线平行,内错角相等则两直线平行,对顶角相等则两直线平行,C,,判定与性质别混用
平行线性质,相交线与平行线,两条平行线被第三条直线所截，同位角,互补,相等,互余,和为 360°,B,,先有平行才有角相等
平行线性质,相交线与平行线,已知 a ∥ b，∠1 与 ∠2 是同旁内角，若 ∠1 = 70°，则 ∠2 =,110°,70°,20°,140°,A,,两直线平行同旁内角互补
平移,相交线与平行线,平移不改变图形的,周长,位置,方向,形状和大小,D,,平移只改变位置不改变形状大小
平移,相交线与平行线,三角形 ABC 平移后得到 A′B′C′，则 AA′ 与 BB′ 的关系是,相交于一点,互相垂直,平行且相等,长度不等,C,,对应点连线平行且相等
平方根,实数,9 的平方根是,3,±3,−3,81,B,,正数有两个互为相反数的平方根
平方根,实数,√16 的值是,4,±4,−4,8,A,,√a 表示算术平方根，结果非负
立方根,实数,−8 的立方根是,−4,2,±2,−2,D,,负数的立方根是负数
立方根,实数,27 的立方根是,9,±3,3,−3,C,,立方根只有一个，符号与被开方数相同
实数及其运算,实数,下列各数中，是无理数的是,0.5,π,−2,1/3,B,,无限不循环小数叫无理数
实数及其运算,实数,计算 √4 + |−3| 的结果是,5,1,7,−1,A,,先分别化简再合并
二元一次方程组,二元一次方程组,下列是二元一次方程的是,1/x + y = 2,x² + y = 1,xy = 6,x + y = 3,D,,两个未知数且含未知数项的次数都是 1
二元一次方程组,二元一次方程组,方程组 x + y = 5 与 x − y = 1 的解是,x = 4 且 y = 1,x = 2 且 y = 3,x = 3 且 y = 2,x = 1 且 y = 4,C,,两式相加即可消去 y
代入消元法,二元一次方程组,用代入法解 x + y = 7 与 x = 2y，第一步通常,把第一个方程代入第二个,把第二个方程代入第一个,两式相加,两式相减,B,,选已经变形好的方程代入
代入消元法,二元一次方程组,方程组 y = 2x 与 x + y = 6 的解是,x = 2 且 y = 4,x = 4 且 y = 2,x = 3 且 y = 3,x = 1 且 y = 5,A,,代入后先解出一个未知数
加减消元法,二元一次方程组,解 2x + y = 5 与 2x − y = 3，要消去 y 应把两式,相除,相减,相乘,相加,D,,同一未知数系数互为相反数用加法
加减消元法,二元一次方程组,方程组 3x + 2y = 8 与 x − 2y = 4 的解是,x = 4 且 y = −2,x = 2 且 y = 1,x = 3 且 y = −0.5,x = 3 且 y = 0.5,C,,y 的系数互为相反数，相加即可
实际问题,二元一次方程组,鸡兔同笼共 10 个头 28 只脚，设鸡 x 只兔 y 只，列出的方程组是,x + y = 10 与 4x + 2y = 28,x + y = 10 与 2x + 4y = 28,x + y = 28 与 2x + 4y = 10,x − y = 10 与 2x + 4y = 28,B,,头数对应只数，脚数对应腿数
实际问题,二元一次方程组,甲的 2 倍比乙多 3，两数和为 12，设甲为 x、乙为 y，方程组是,2x − y = 3 与 x + y = 12,2x + y = 3 与 x + y = 12,x − 2y = 3 与 x + y = 12,2x − y = 12 与 x + y = 3,A,,先翻译成两个等式再联立
不等式,不等式与不等式组,下列各式中，是不等式的是,x + y,2x − 1 = 3,2x − 1,2x − 1 > 3,D,,用不等号连接才是不等式
不等式,不等式与不等式组,x = 2 是不是不等式 3x − 1 > 4 的解,无法确定,不是,是,要解方程才知道,C,,代入看不等式是否成立
不等式性质,不等式与不等式组,由 a > b 得到 −2a < −2b，依据的是,两边加同一个数,两边乘负数时不等号要变向,两边乘正数,两边除以正数,B,,乘除负数变号是最容易错的一步
不等式性质,不等式与不等式组,若 a > b，下列一定成立的是,a + 3 > b + 3,−a > −b,a − 3 < b − 3,3a < 3b,A,,加减同一个数不改变不等号方向
一元一次不等式,不等式与不等式组,不等式 2x − 4 > 0 的解集是,x < −2,x < 2,x > −2,x > 2,D,,解法与方程相同
一元一次不等式,不等式与不等式组,不等式 −3x ≥ 6 的解集是,x ≤ 2,x ≥ −2,x ≤ −2,x ≥ 2,C,,两边除以 −3 时不等号要变向
一元一次不等式组,不等式与不等式组,不等式组 x > 1 与 x < 4 的解集是,x > 4,1 < x < 4,x < 1,无解,B,,取两个解集的公共部分
一元一次不等式组,不等式与不等式组,不等式组 x > 3 与 x < 2 的解集是,无解,x > 3,x < 2,2 < x < 3,A,,两个方向矛盾就没有公共部分
全面调查,数据的收集与整理,下列适合用全面调查的是,调查一批灯泡的使用寿命,调查本班同学的身高,调查全国中学生的视力,调查炮弹的杀伤半径,B,,范围小且无破坏性才适合全面调查
全面调查,数据的收集与整理,全面调查的主要缺点是,只能得到估计值,结果不准确,费时费力且不适用于破坏性调查,必须抽样,C,,与抽样调查的取舍点
抽样调查,数据的收集与整理,要了解一批灯泡的使用寿命，应采用,只问厂家,全面调查,不调查,抽样调查,D,,考察具有破坏性只能抽样
抽样调查,数据的收集与整理,抽样调查中，样本指的是,从总体中抽出的一部分个体,所要考察对象的全体,每一个考察对象,样本中个体的数目,A,,区分总体 / 个体 / 样本 / 样本容量
直方图,数据的收集与整理,直方图与条形图的主要区别是,直方图更高,直方图的长方形之间没有空隙,条形图用面积表示,两者完全一样,B,,直方图表示连续分组的数据
直方图,数据的收集与整理,一组数据分成 5 组，各组频数之和等于,组距,组数,数据总个数,平均数,C,,所有频数之和就是样本容量
与三角形有关线段,三角形,三角形任意两边之和与第三边的关系是,无法确定,小于第三边,等于第三边,大于第三边,D,,三角形三边关系定理
与三角形有关线段,三角形,三角形两边长分别为 3 和 4，第三边 x 的取值范围是,1 < x < 7,0 < x < 7,x > 1,x < 7,A,,两边之差 < 第三边 < 两边之和
三角形内角,三角形,三角形三个内角的和是,360°,180°,90°,270°,B,,三角形内角和定理
三角形内角,三角形,一个三角形两个角分别是 50° 和 60°，第三个角是,60°,80°,70°,90°,C,,用 180° 减去已知的两个角
多边形,三角形,五边形的内角和是,180°,360°,720°,540°,D,,内角和 =（n − 2）× 180°
多边形,三角形,任意多边形的外角和是,360°,180°,540°,随边数变化,A,,外角和恒为 360° 与边数无关
全等三角形,全等三角形,全等三角形的对应边,和为 180°,成比例,互相平行,相等,D,,能够完全重合的两个三角形全等
全等三角形,全等三角形,记两个三角形全等时，习惯上把,随意写,按字母顺序写,对应顶点写在对应位置,面积大的写在前面,C,,写法本身就传递对应关系
三角形全等的判定,全等三角形,下列能判定两个三角形全等的是,三个角分别相等,三边分别相等,两边及其中一边的对角相等,面积相等,B,,三个角相等只能判定相似
三角形全等的判定,全等三角形,判定方法 SAS 指的是,两边及其夹角分别相等,两角及其夹边分别相等,三边分别相等,两角及一角的对边分别相等,A,,必须是两边的夹角而不是任意角
角的平分线的性质,全等三角形,角平分线上的点到角两边的距离,无法确定,成比例,互为相反数,相等,D,,角平分线性质定理
角的平分线的性质,全等三角形,到角两边距离相等的点一定在,角的顶点上,角的内部,这个角的平分线上,角的一条边上,C,,判定定理是性质定理的逆用
轴对称,轴对称,轴对称图形沿对称轴对折后,面积变大,两部分完全重合,形状改变,周长改变,B,,对折能够重合是核心特征
轴对称,轴对称,线段的一条对称轴是,它的垂直平分线,过端点的垂线,任意一条直线,与它相交的直线,A,,有些轴对称图形不止一条对称轴
画轴对称图形,轴对称,画一个图形关于某直线的轴对称图形，关键是先找出,图形的周长,图形的中心,图形的面积,关键点的对称点,D,,先定点再连线
画轴对称图形,轴对称,点 P 到对称轴的距离是 3 cm，它的对称点 P′ 到对称轴的距离是,1.5 cm,6 cm,3 cm,0 cm,C,,对称点到对称轴的距离相等
等腰三角形,轴对称,等腰三角形两个底角的关系是,互余,相等,互补,无法确定,B,,等边对等角
等腰三角形,轴对称,等腰三角形的顶角是 40°，则一个底角是,70°,80°,100°,140°,A,,用（180° − 顶角）÷ 2
整式乘法,整式的乘法与因式分解,计算 a² × a³ 的结果是,a,a⁶,a⁹,a⁵,D,,同底数幂相乘底数不变指数相加
整式乘法,整式的乘法与因式分解,计算 2x × 3x² 的结果是,6x²,5x³,6x³,5x²,C,,系数相乘，同底数幂指数相加
乘法公式,整式的乘法与因式分解,（a + b）（a − b）的结果是,a² + b²,a² − b²,a² − 2ab + b²,a² + 2ab + b²,B,,平方差公式
乘法公式,整式的乘法与因式分解,（a + b）² 展开的结果是,a² + 2ab + b²,a² + b²,a² − 2ab + b²,a² − b²,A,,完全平方公式别漏掉中间项
因式分解,整式的乘法与因式分解,把 a² − 4 分解因式的结果是,a（a − 4）,（a − 2）²,（a + 2）²,（a + 2）（a − 2）,D,,看到两项平方差先想公式
因式分解,整式的乘法与因式分解,因式分解与整式乘法的关系是,没有关系,完全相同的运算,互逆的变形,都是化简运算,C,,可以用乘法反过来检验分解
分式,分式,下列各式中，是分式的是,x/2,1/（x − 1）,（x + 1）/3,2x,B,,分母中含有字母才是分式
分式,分式,分式 1/（x − 2）有意义的条件是,x ≠ 2,x ≠ 0,x = 2,x > 2,A,,分母不能为 0
分式的运算,分式,计算 1/a + 1/a 的结果是,1/a²,1/2a,2/a²,2/a,D,,同分母相加分母不变分子相加
分式的运算,分式,计算 a/b × b/a 的结果是,b,a,1,a/b,C,,约分后得 1（a 与 b 都不为 0）
分式方程,分式,解分式方程时必须,直接写出答案,检验是否产生增根,两边同乘未知数,不必检验,B,,去分母时可能引入增根
分式方程,分式,方程 1/x = 2 的解是,x = 0.5,x = 2,x = −2,无解,A,,x 不能为 0，0.5 是合法解
二次根式,二次根式,二次根式 √a 有意义的条件是,a ≤ 0,a > 0,a ≠ 0,a ≥ 0,D,,被开方数必须非负
二次根式,二次根式,化简 √12 的结果是,4√3,3√2,2√3,6√2,C,,把能开得尽方的因数提出来
二次根式的乘除,二次根式,计算 √2 × √8 的结果是,√10,4,2√2,16,B,,根式相乘把被开方数相乘再化简
二次根式的乘除,二次根式,计算 √18 ÷ √2 的结果是,3,√9,9,6,A,,根式相除同样先合并被开方数
二次根式的加减,二次根式,计算 √8 + √2 的结果是,2√2,√10,4√2,3√2,D,,先化成最简再合并同类二次根式
二次根式的加减,二次根式,下列各组是同类二次根式的是,√2 与 √12,√2 与 √3,√2 与 √8,√3 与 √6,C,,化简后被开方数相同才是同类
勾股定理逆定理,勾股定理,下列各组数能作为直角三角形三边的是,2、3、4,3、4、5,5、6、7,1、2、3,B,,两小边平方和等于最大边的平方
勾股定理逆定理,勾股定理,三边为 5、12、13 的三角形是,直角三角形,锐角三角形,钝角三角形,等腰三角形,A,,5² + 12² = 13²
平行四边形,平行四边形,平行四边形的对角,和为 360°,互补,互余,相等,D,,平行四边形对角相等
平行四边形,平行四边形,平行四边形 ABCD 中，若 ∠A = 70°，则 ∠B =,20°,70°,110°,140°,C,,平行四边形邻角互补
特殊的平行四边形,平行四边形,对角线互相垂直的平行四边形是,矩形,菱形,正方形,梯形,B,,先判菱形再看是否还有直角
特殊的平行四边形,平行四边形,有一个角是直角的平行四边形是,矩形,菱形,正方形,梯形,A,,平行四边形加一个直角就是矩形
变量与函数,一次函数,在函数关系中，随自变量变化而变化的量叫做,系数,常量,自变量,函数,D,,自变量主动变，函数跟着变
变量与函数,一次函数,函数 y = 2x + 1 中，当 x = 3 时 y =,5,6,7,4,C,,把 x 的值直接代入
用函数看方程不等式,一次函数,方程 2x + 1 = 5 的解可以看成函数 y = 2x + 1 与直线,y = 5 交点的纵坐标,y = 5 交点的横坐标,x 轴交点的横坐标,y 轴交点的横坐标,B,,数形结合看方程的解
用函数看方程不等式,一次函数,不等式 2x + 1 > 5 的解集，对应函数图象在直线 y = 5,上方的部分,下方的部分,交点处,与 y 轴的交点,A,,图象在上方说明函数值更大
平均数,数据的分析,数据 2、4、6 的平均数是,6,3,5,4,D,,总和除以个数
平均数,数据的分析,一组 5 个数的平均数是 8，则它们的和是,8,13,40,5,C,,平均数 × 个数 = 总和
中位数与众数,数据的分析,数据 3、1、5、2、4 的中位数是,1,3,5,2,B,,先按大小排序再取中间那个
中位数与众数,数据的分析,数据 2、3、3、5 的众数是,3,2,5,没有众数,A,,出现次数最多的数就是众数
方差,数据的分析,方差越小说明这组数据,中位数越小,平均数越大,个数越多,波动越小,D,,方差衡量数据的离散程度
方差,数据的分析,两组数据平均数相同，甲组方差比乙组大，则,两组一样稳定,乙组波动更大,甲组波动更大,无法比较,C,,方差大说明更不稳定
一元二次方程,一元二次方程,下列是一元二次方程的是,2x − 1 = 0,x² − 3x + 2 = 0,x³ + x = 0,1/x² = 1,B,,一个未知数且最高次数是 2
一元二次方程,一元二次方程,方程 x² = 4 的解是,x = ±2,x = 2,x = −2,x = 4,A,,直接开平方法
解一元二次方程,一元二次方程,方程 x² − 5x + 6 = 0 的解是,x = −1 或 x = −6,x = −2 或 x = −3,x = 1 或 x = 6,x = 2 或 x = 3,D,,先分解为（x − 2）（x − 3）
解一元二次方程,一元二次方程,一元二次方程 ax² + bx + c = 0 有实数根的条件是,b² − 4ac > 0,a ≠ 0,a ≠ 0 且 b² − 4ac ≥ 0,a > 0,C,,二次项系数不为 0 且判别式非负
实际问题,一元二次方程,用 20 m 篱笆围一个矩形，面积 24 m²，设一边为 x m，方程是,x（20 − x）= 24,x（10 − x）= 24,x（10 − x）= 20,2x（10 − x）= 24,B,,周长 20 则邻边之和是 10
实际问题,一元二次方程,某商品原价 a 元，连续两次各降价 20%，现价是,0.64a 元,0.8a 元,0.4a 元,0.6a 元,A,,两次相乘 0.8 × 0.8
二次函数,二次函数,下列是二次函数的是,y = x³,y = 2x + 1,y = 1/x,y = x² + 1,D,,含 x² 项且最高次是 2
二次函数,二次函数,二次函数 y = x² 的图象叫做,直线,双曲线,抛物线,折线,C,,二次函数的图象都是抛物线
图象与性质,二次函数,抛物线 y = x² 的开口方向,向下,向上,向左,向右,B,,二次项系数为正则开口向上
图象与性质,二次函数,抛物线 y = 2x² 的顶点坐标是,（0，0）,（2，0）,（0，2）,（1，2）,A,,没有平移项时顶点就在原点
实际问题,二次函数,用 20 m 篱笆靠墙围矩形，面积最大时与墙垂直的边长是,20 m,10 m,4 m,5 m,D,,列出二次函数再求最值
实际问题,二次函数,二次函数 y = −x² + 4x 的最大值是,2,0,4,8,C,,配方得 y = −（x − 2）² + 4
图形的旋转,旋转,旋转不改变图形的,位置,形状和大小,方向,周长,B,,旋转和平移一样是全等变换
图形的旋转,旋转,决定图形旋转后位置的要素是,旋转中心和旋转角,只有旋转中心,只有旋转角,只有旋转方向,A,,中心与角度缺一不可
中心对称,旋转,中心对称图形绕对称中心旋转多少度后与自身重合,60°,90°,360°,180°,D,,旋转 180° 能重合即中心对称
中心对称,旋转,下列是中心对称图形的是,等腰梯形,等边三角形,平行四边形,正五边形,C,,绕中心转 180° 能与自身重合
圆,圆,圆上任意一点到圆心的距离都,随位置变化,不相等,等于直径,相等,D,,同圆的半径处处相等
圆,圆,半径为 5 的圆，直径是,10,25,5,2.5,A,,直径等于半径的 2 倍
点直线圆位置关系,圆,圆半径为 4，圆心到直线的距离为 4，则直线与圆,相交,相切,相离,无法确定,B,,d = r 时直线与圆相切
点直线圆位置关系,圆,点到圆心的距离小于半径时，这个点在,圆外,圆上,圆内,圆心处,C,,d < r 在圆内，d = r 在圆上
正多边形和圆,圆,正六边形的每个中心角是,30°,90°,120°,60°,D,,用 360° 除以边数
正多边形和圆,圆,作正六边形时把圆周六等分，每段弦长等于,半径,直径,周长的一半,圆心到弦的距离,A,,正六边形边长等于外接圆半径
弧长和扇形面积,圆,半径为 6、圆心角为 60° 的扇形弧长是,6π,2π,π,3π,B,,弧长 = nπr/180
弧长和扇形面积,圆,半径为 6、圆心角为 60° 的扇形面积是,12π,36π,6π,2π,C,,面积 = nπr²/360
随机事件,概率初步,下列是必然事件的是,明天会下雨,太阳从东方升起,掷骰子得 7 点,买彩票中奖,B,,在一定条件下一定发生的事件
随机事件,概率初步,掷一枚骰子出现 7 点属于,不可能事件,必然事件,随机事件,确定事件,A,,骰子最大只有 6 点
用列举法求概率,概率初步,掷一枚骰子出现偶数点的概率是,2/3,1/3,1/6,1/2,D,,偶数点有 3 个，共 6 种等可能结果
用列举法求概率,概率初步,同时掷两枚硬币，两枚都是正面的概率是,1/3,1/2,1/4,3/4,C,,共有 4 种等可能结果
用频率估计概率,概率初步,大量重复试验时，事件发生的频率会稳定在,0 附近,概率附近,1 附近,任意数值,B,,频率稳定值可用来估计概率
用频率估计概率,概率初步,抛硬币 1000 次正面朝上 498 次，正面朝上的概率估计值约为,0.5,0.498,4.98,1,A,,用频率的稳定值估计概率
反比例函数,反比例函数,下列是反比例函数的是,y = x²,y = 6x,y = x + 6,y = 6/x,D,,形如 y = k/x 且 k ≠ 0
反比例函数,反比例函数,反比例函数 y = 6/x 的图象位于,第一、二象限,第二、四象限,第一、三象限,第三、四象限,C,,k > 0 时图象在一三象限
实际问题,反比例函数,路程一定时，速度与时间成,正比例,反比例,一次函数关系,不成比例,B,,乘积为定值就是反比例关系
实际问题,反比例函数,工程总量 120，每天完成 x，需 y 天，y 与 x 的关系是,y = 120/x,y = 120x,y = x/120,y = 120 + x,A,,总量 = 效率 × 时间
图形的相似,相似,两个相似图形的对应角,互余,成比例,互补,相等,D,,形状相同则对应角相等
图形的相似,相似,相似比指的是,周长之比,面积之比,对应边之比,角度之比,C,,相似比是对应边的比
相似三角形,相似,判定两个三角形相似，可以用,两边分别相等,两角分别相等,一角一边分别相等,面积相等,B,,两角对应相等即可判定相似
相似三角形,相似,两个相似三角形的相似比是 2:3，则面积比是,4:9,2:3,3:2,8:27,A,,面积比等于相似比的平方
位似,相似,位似图形一定是,中心对称图形,全等图形,轴对称图形,相似图形,D,,位似是一种特殊的相似
位似,相似,位似图形的对应点连线,互相垂直,互相平行,交于一点,长度相等,C,,这个交点就是位似中心
解直角三角形,锐角三角函数,在 Rt△ABC 中，∠C = 90°，sinA 等于,邻边比斜边,对边比斜边,对边比邻边,斜边比对边,B,,正弦 = 对边 ÷ 斜边
解直角三角形,锐角三角函数,已知 sinA = 1/2，则锐角 A 等于,30°,45°,60°,90°,A,,熟记特殊角的三角函数值
投影,投影与视图,太阳光形成的投影属于,无影投影,中心投影,正投影,平行投影,D,,太阳光线近似平行
投影,投影与视图,灯光形成的投影属于,正投影,平行投影,中心投影,斜投影,C,,点光源形成中心投影
三视图,投影与视图,三视图包括主视图、左视图和,右视图,俯视图,后视图,仰视图,B,,三个方向的正投影合称三视图
三视图,投影与视图,主视图反映的是物体的,长和高,长和宽,宽和高,体积,A,,主视图看长高，俯视图看长宽
1~5的认识,5以内数的认识和加、减法,盘子里有 4 个苹果，用哪个数字表示,2,5,3,4,D,,数一数有几个就写几
1~5的认识,5以内数的认识和加、减法,和 3 挨着的两个数是,4 和 5,1 和 2,2 和 4,3 和 4,C,,排队时前一个 2 后一个 4
比多少,5以内数的认识和加、减法,小猫 5 只，小狗 3 只，谁更多,小狗多,小猫多,一样多,没法比,B,,一只对一只比一比就知道了
比多少,5以内数的认识和加、减法,小明有 4 颗糖，小红也有 4 颗糖，他们的糖,一样多,小明多,小红多,不确定,A,,数量相同就是一样多
加法,5以内数的认识和加、减法,树上有 2 只小鸟，又飞来 3 只，一共有几只,3 只,4 只,6 只,5 只,D,,把两部分合起来用加法
加法,5以内数的认识和加、减法,小明有 1 支铅笔，妈妈又给他 2 支，现在有几支,1 支,2 支,3 支,4 支,C,,合起来就用加法
减法,5以内数的认识和加、减法,盘子里有 5 个苹果，吃掉 2 个，还剩几个,2 个,3 个,7 个,5 个,B,,从总数里去掉一部分用减法
减法,5以内数的认识和加、减法,车上原来有 4 人，下去 1 人，车上还有几人,3 人,5 人,1 人,4 人,A,,去掉一部分用减法
0的认识,5以内数的认识和加、减法,盘子里一个苹果都没有，用哪个数字表示,没有这样的数字,1,2,0,D,,一个也没有就用 0 表示
0的认识,5以内数的认识和加、减法,3 + 0 等于几,4,0,3,30,C,,任何数加上 0 还是它自己
6~10的认识,6~10的认识和加、减法,8 里面有几个一,1 个,8 个,10 个,80 个,B,,8 就是 8 个一合起来的
6~10的认识,6~10的认识和加、减法,比 7 大 1 的数是,8,6,9,7,A,,接着往后数一个就是 8
10以内加减法,6~10的认识和加、减法,6 + 3 等于几,10,8,3,9,D,,从 6 往后数 3 个
10以内加减法,6~10的认识和加、减法,10 − 4 等于几,5,7,6,4,C,,从 10 往回数 4 个
连加连减,6~10的认识和加、减法,2 + 3 + 4 等于几,8,9,7,10,B,,从左往右一步一步算
连加连减,6~10的认识和加、减法,10 − 2 − 3 等于几,5,6,4,3,A,,先减掉第一个再减第二个
加减混合,6~10的认识和加、减法,5 + 3 − 2 等于几,8,10,4,6,D,,有加有减还是从左往右算
加减混合,6~10的认识和加、减法,8 − 3 + 2 等于几,9,3,7,6,C,,先减后加，按顺序来
长方体,认识立体图形,文具盒的形状最接近,正方体,长方体,球,圆柱,B,,长长方方有六个面
长方体,认识立体图形,长方体一共有几个面,6 个,4 个,8 个,3 个,A,,上下前后左右一共六个面
正方体,认识立体图形,魔方的形状是,球,长方体,圆柱,正方体,D,,方方正正，每个面都一样大
正方体,认识立体图形,正方体的每个面都是,圆形,长方形,正方形,三角形,C,,六个面都是一样大的正方形
圆柱,认识立体图形,罐头盒的形状最接近,球,圆柱,正方体,长方体,B,,上下两个圆面一样大
圆柱,认识立体图形,圆柱竖着放时上下两个面都是,圆形,长方形,正方形,三角形,A,,上下两个底面是圆
球,认识立体图形,下面能朝各个方向滚动的是,长方体,圆柱,正方体,球,D,,圆滚滚的没有平平的面
球,认识立体图形,篮球的形状是,圆,圆柱,球,正方体,C,,球是圆滚滚的立体图形
11~20各数,11~20的认识,1 个十和 5 个一合起来是,51,15,6,105,B,,十位写 1，个位写 5
11~20各数,11~20的认识,18 里面有几个十和几个一,1 个十和 8 个一,8 个十和 1 个一,10 个八,18 个十,A,,看十位和个位上分别是几
10加几和相应减法,11~20的认识,10 + 6 等于几,4,7,61,16,D,,1 个十加 6 个一
10加几和相应减法,11~20的认识,17 − 7 等于几,1,7,10,11,C,,去掉 7 个一就剩下 1 个十
9加几,20以内的进位加法,9 + 5 等于几,13,14,15,12,B,,把 5 分成 1 和 4，9 加 1 先凑成 10
9加几,20以内的进位加法,9 + 7 等于几,16,15,17,14,A,,凑十法：9 加 1 得 10，再加 6
8、7、6加几,20以内的进位加法,8 + 5 等于几,15,12,14,13,D,,把 5 分成 2 和 3，先凑成十
8、7、6加几,20以内的进位加法,7 + 6 等于几,14,12,13,11,C,,把 6 分成 3 和 3，7 加 3 凑成 10
5、4、3、2加几,20以内的进位加法,5 + 8 等于几,12,13,14,15,B,,想 8 + 5 = 13，换位置得数不变
5、4、3、2加几,20以内的进位加法,4 + 9 等于几,13,12,14,11,A,,小数加大数可以想成大数加小数
长方形,认识平面图形,数学书的封面一般是,三角形,正方形,圆形,长方形,D,,长长方方四条边
长方形,认识平面图形,长方形有几条边,5 条,3 条,4 条,6 条,C,,上下两条长边，左右两条短边
正方形,认识平面图形,下面四条边都相等的图形是,长方形,正方形,三角形,圆,B,,方方正正，四条边一样长
正方形,认识平面图形,正方形有几条边,4 条,3 条,5 条,6 条,A,,和长方形一样都是四条边
三角形,认识平面图形,红领巾的形状是,正方形,长方形,圆,三角形,D,,三条边，三个尖尖的角
三角形,认识平面图形,三角形有几条边,5 条,4 条,3 条,6 条,C,,三条边围成的图形
圆,认识平面图形,硬币的正面是,正方形,圆,三角形,长方形,B,,圆圆的一圈，没有角
圆,认识平面图形,下面没有角又能滚动的图形是,圆,正方形,长方形,三角形,A,,圆没有尖尖的角
平行四边形,认识平面图形,四条边、上下两条一样长还向一边歪的图形是,三角形,长方形,正方形,平行四边形,D,,像被拉歪了的长方形
平行四边形,认识平面图形,把长方形拉一拉，可以变成,三角形,圆,平行四边形,正方体,C,,长方形拉歪就成了平行四边形
十几减9,20以内的退位减法,15 − 9 等于几,5,6,7,4,B,,想 9 加几得 15，9 加 6 正好
十几减9,20以内的退位减法,12 − 9 等于几,3,2,4,1,A,,破十法：10 减 9 得 1，再加 2
十几减8、7、6,20以内的退位减法,14 − 8 等于几,8,7,5,6,D,,想 8 加几得 14
十几减8、7、6,20以内的退位减法,13 − 7 等于几,7,5,6,4,C,,想 7 加 6 得 13
十几减5、4、3、2,20以内的退位减法,12 − 5 等于几,6,7,8,5,B,,想 5 加 7 得 12
十几减5、4、3、2,20以内的退位减法,11 − 3 等于几,8,7,9,6,A,,想 3 加 8 得 11
数数,100以内数的认识,10 个十是,90,10,110,100,D,,十个十个地数，数十次
数数,100以内数的认识,39 后面一个数是,41,38,40,30,C,,个位满十就向十位进一
数的组成,100以内数的认识,4 个十和 7 个一组成的数是,74,47,11,407,B,,十位写 4，个位写 7
数的组成,100以内数的认识,56 里面有几个十和几个一,5 个十和 6 个一,6 个十和 5 个一,5 个六,56 个十,A,,看每个数字站在什么位上
读数写数,100以内数的认识,三十五写作,30,53,305,35,D,,几个十就在十位写几
读数写数,100以内数的认识,80 读作,八百,八,八十,零八十,C,,末尾的 0 不用读出来
数的顺序与大小,100以内数的认识,下面最大的数是,89,90,78,87,B,,先比十位，十位大的数就大
数的顺序与大小,100以内数的认识,47 和 51 相比,47 < 51,47 > 51,一样大,没法比,A,,十位上 4 比 5 小
整十数加减,100以内的口算加、减法,30 + 40 等于几,34,10,7,70,D,,3 个十加 4 个十是 7 个十
整十数加减,100以内的口算加、减法,70 − 20 等于几,5,90,50,72,C,,7 个十减 2 个十是 5 个十
两位数加一位数,100以内的口算加、减法,25 + 3 等于几,55,28,23,22,B,,只把个位相加，十位不动
两位数加一位数,100以内的口算加、减法,38 + 5 等于几,43,33,88,42,A,,个位满十要向十位进一
两位数减一位数,100以内的口算加、减法,46 − 4 等于几,40,6,44,42,D,,只把个位相减，十位不动
两位数减一位数,100以内的口算加、减法,32 − 5 等于几,25,37,27,30,C,,个位不够减，从十位借一当十
笔算加法,100以内的笔算加、减法,笔算加法时第一步要把,数字写得一样大,相同数位对齐,从高位算起,大数写在上面,B,,个位对个位，十位对十位
笔算加法,100以内的笔算加、减法,笔算 25 + 37 时，个位相加满十要,向十位进一,向百位进一,不用管它,把十位改成 1,A,,满十进一别忘记
笔算减法,100以内的笔算加、减法,笔算减法时，个位不够减要,直接写 0,把十位改成 0,从百位去借,从十位退一当十,D,,退一当十再减
笔算减法,100以内的笔算加、减法,笔算 50 − 26 等于几,26,36,24,34,C,,个位 0 减 6 不够，向十位借一
求总数,数量间的加减关系,红花 8 朵，黄花 5 朵，一共多少朵,3 朵,13 朵,12 朵,15 朵,B,,问一共就用加法
求总数,数量间的加减关系,男生 12 人，女生 9 人，全班一共多少人,21 人,3 人,20 人,22 人,A,,把两部分合起来
求剩余,数量间的加减关系,一共 15 个气球，飞走 6 个，还剩几个,10 个,21 个,8 个,9 个,D,,问还剩就用减法
求剩余,数量间的加减关系,小明有 20 元，买书用去 8 元，还剩多少元,10 元,28 元,12 元,18 元,C,,从总数里去掉用掉的那部分
按给定标准分类,分类与整理,把一堆积木按「颜色」分成两堆，这是,没有分类,按不同标准分类,按三个标准分类,按一个标准分类,D,,先定好按什么分再动手
按给定标准分类,分类与整理,把 12 支笔按「有没有橡皮」分成两类，这叫,随便分一分,按不同标准分类,按给定标准分类,按长短分,C,,按已经定好的标准来分
按不同标准分类,分类与整理,同一组树叶，既能按颜色分，也能按什么分,只能按颜色,形状,不能分,按重量,B,,换一个标准结果就变了
按不同标准分类,分类与整理,分类的标准不同，得到的结果,往往不一样,一定相同,永远只有两类,没法比较,A,,标准换了结果就换
乘法的初步认识,1~6的表内乘法,3 + 3 + 3 + 3 写成乘法算式是,3 × 3,3 + 4,4 × 4,3 × 4,D,,几个相同的数相加就可以用乘法
乘法的初步认识,1~6的表内乘法,5 × 2 表示,5 加 2,5 个 2 相减,2 个 5 相加,2 加 5,C,,乘法就是求几个相同加数的和
5的乘法口诀,1~6的表内乘法,3 × 5 等于几,8,15,10,20,B,,三五十五
5的乘法口诀,1~6的表内乘法,5 × 5 等于几,25,10,20,30,A,,五五二十五
2、3、4的乘法口诀,1~6的表内乘法,4 × 3 等于几,16,7,9,12,D,,三四十二
2、3、4的乘法口诀,1~6的表内乘法,2 × 4 等于几,10,6,8,12,C,,二四得八
乘加乘减,1~6的表内乘法,3 × 4 + 2 等于几,9,14,18,12,B,,先算乘法再算加法
乘加乘减,1~6的表内乘法,5 × 3 − 4 等于几,11,19,4,12,A,,先算乘再算减
6的乘法口诀,1~6的表内乘法,6 × 4 等于几,30,10,18,24,D,,四六二十四
6的乘法口诀,1~6的表内乘法,6 × 6 等于几,30,12,36,24,C,,六六三十六
除法的初步认识,1~6的表内除法,把 8 个苹果平均分给 4 个小朋友，每人几个,4 个,2 个,8 个,32 个,B,,平均分就用除法
除法的初步认识,1~6的表内除法,12 ÷ 3 表示把 12,平均分成 3 份,分成 12 份,减去 3,加上 3,A,,除号后面的数是份数
用2~6口诀求商,1~6的表内除法,15 ÷ 3 等于几,45,3,12,5,D,,想乘法口诀：三五十五
用2~6口诀求商,1~6的表内除法,24 ÷ 6 等于几,18,6,4,30,C,,想乘法口诀：四六二十四
认识厘米,厘米和米,量比较短的物体，通常用,米,厘米,千克,分,B,,食指宽大约就是 1 厘米
认识厘米,厘米和米,食指的宽度大约是,1 厘米,1 米,10 厘米,1 毫米,A,,先记住身体上的这把小尺子
认识米,厘米和米,量教室的长，通常用,分米,厘米,毫米,米,D,,量长东西用米更方便
认识米,厘米和米,1 米等于多少厘米,1000 厘米,10 厘米,100 厘米,1 厘米,C,,米和厘米之间是 100
线段,厘米和米,线段有几个端点,1 个,2 个,0 个,3 个,B,,直直的一条线，两头各有端点
线段,厘米和米,下面能量出长度的是,线段,直线,射线,角,A,,有端点才量得出长度
7的乘法口诀,7~9的表内乘、除法,7 × 3 等于几,28,10,24,21,D,,三七二十一
7的乘法口诀,7~9的表内乘、除法,7 × 7 等于几,42,14,49,56,C,,七七四十九
8的乘法口诀,7~9的表内乘、除法,8 × 5 等于几,13,40,35,48,B,,五八四十
8的乘法口诀,7~9的表内乘、除法,8 × 8 等于几,64,16,56,72,A,,八八六十四
9的乘法口诀,7~9的表内乘、除法,9 × 6 等于几,63,15,45,54,D,,六九五十四
9的乘法口诀,7~9的表内乘、除法,9 × 9 等于几,72,18,81,90,C,,九九八十一
用7~9口诀求商,7~9的表内乘、除法,56 ÷ 7 等于几,7,8,9,6,B,,想乘法口诀：七八五十六
用7~9口诀求商,7~9的表内乘、除法,72 ÷ 9 等于几,8,9,7,6,A,,想乘法口诀：八九七十二
有余数除法的认识,有余数的除法,10 支铅笔平均分给 3 人，每人 3 支后还剩几支,0 支,2 支,3 支,1 支,D,,分不完剩下的那部分叫余数
有余数除法的认识,有余数的除法,17 ÷ 5 的余数是,5,3,2,1,C,,5 × 3 = 15，还剩下 2
余数和除数的关系,有余数的除法,在有余数的除法里，余数一定比除数,大,小,相等,没法比,B,,余数要是比除数大就还能再分一次
余数和除数的关系,有余数的除法,除数是 6 时，余数最大是,5,6,7,4,A,,余数最大是除数减一
解决问题,有余数的除法,38 人坐船，每条船坐 5 人，至少要几条船,9 条,7 条,6 条,8 条,D,,7 条坐满还剩 3 人，要再多一条
解决问题,有余数的除法,有 20 元，每本本子 3 元，最多能买几本,5 本,7 本,6 本,8 本,C,,剩 2 元不够再买一本了
倍的认识,数量间的乘除关系,苹果 3 个，梨 6 个，梨的个数是苹果的几倍,3 倍,2 倍,6 倍,9 倍,B,,把 3 个看成一份，梨有这样的两份
倍的认识,数量间的乘除关系,8 是 2 的几倍,4 倍,2 倍,6 倍,10 倍,A,,看 8 里面有几个 2
求一个数是另一个数的几倍,数量间的乘除关系,红花 12 朵，黄花 4 朵，红花是黄花的几倍,2 倍,4 倍,8 倍,3 倍,D,,求几倍用除法
求一个数是另一个数的几倍,数量间的乘除关系,小明 9 岁，妈妈 36 岁，妈妈的年龄是小明的几倍,6 倍,3 倍,4 倍,5 倍,C,,36 ÷ 9 = 4
求一个数的几倍,数量间的乘除关系,小明有 5 张卡片，小红是他的 3 倍，小红有几张,8 张,15 张,2 张,10 张,B,,求一个数的几倍用乘法
求一个数的几倍,数量间的乘除关系,一支笔 4 元，书包的价钱是笔的 9 倍，书包多少元,36 元,13 元,5 元,45 元,A,,4 × 9 = 36
千以内数的认识,万以内数的认识,10 个一百是,110,100,10000,1000,D,,一百一百地数，数十次
千以内数的认识,万以内数的认识,356 里有几个百几个十几个一,5 个百 3 个十 6 个一,3 个百 6 个十 5 个一,3 个百 5 个十 6 个一,6 个百 5 个十 3 个一,C,,看每个数字站在哪一位上
万以内数的认识,万以内数的认识,10 个一千是,1000,10000,100,100000,B,,一千一千地数，数十次就是一万
万以内数的认识,万以内数的认识,4008 读作,四千零八,四千八,四千零八十,四零零八,A,,中间连着两个 0 只读一个零
整百整千加减,万以内数的认识,300 + 500 等于几,35,200,80,800,D,,3 个百加 5 个百是 8 个百
整百整千加减,万以内数的认识,1200 − 400 等于几,900,1600,800,700,C,,12 个百减 4 个百是 8 个百
笔算加法,万以内的加法和减法,笔算 456 + 278 时，个位相加满十要,向百位进一,向十位进一,不用进位,把个位改成 0,B,,哪一位满十就向前一位进一
笔算加法,万以内的加法和减法,笔算加法想验算，最方便的办法是,交换加数位置再加一遍,再减一遍,把数字倒过来,不用验算,A,,换位置再加一遍，得数一样就对了
笔算减法,万以内的加法和减法,笔算减法时，哪一位不够减要,把前一位改成 0,从前一位退一当百,直接写 0,从前一位退一当十,D,,退一当十再减
笔算减法,万以内的加法和减法,笔算 500 − 236 等于几,274,336,264,366,C,,中间都是 0 要连续退位
估算,万以内的加法和减法,398 + 205 大约等于,500,600,700,400,B,,把 398 看成 400，205 看成 200
估算,万以内的加法和减法,估算时要先把数看成,整百整十的数,随便一个数,小数,分数,A,,看成好算的近似数再算
从不同方向观察,观察物体,小明从正面看一个粉笔盒，看到的是,一个圆,一个长方形,一个三角形,一个点,B,,正对着看过去是长方形的那个面
从不同方向观察,观察物体,同一个积木，从前面看和从上面看,看到的形状可能不一样,一定一模一样,一定什么都看不到,会变颜色,A,,换方向看就像绕着它走一圈
辨认简单视图,观察物体,看到一个正方形，它可能是从哪个方向看正方体,看圆锥的侧面,从上面看一个球,看圆柱的侧面,从正面看,D,,正方体每个面都是正方形
辨认简单视图,观察物体,把一个圆柱竖着放，从上往下看是,一个三角形,一个长方形,一个圆,一个正方形,C,,圆柱上下两个底面都是圆
同级运算,混合运算,计算 24 + 15 − 9 时要,先算后面的减法,从左往右按顺序算,先算中间的加法,随便先算哪个,B,,加减是同级的，排队一个一个来
同级运算,混合运算,36 ÷ 4 × 3 的正确顺序是,从左往右,先算乘法,先算除法也行,两个数一起算,A,,乘除也是同级，谁排在前面先算谁
两级运算,混合运算,20 + 3 × 4 应该先算,20 − 4,20 + 3,20 × 4,3 × 4,D,,加减遇到乘除，乘除先上
两级运算,混合运算,50 − 6 × 7 的结果是,308,44,8,42,C,,先算 6 × 7 得 42 再算 50 − 42
带括号的运算,混合运算,(12 + 8) × 2 应该先算,8 × 2,括号里的 12 + 8,12 × 2,从左往右,B,,括号像个小房间，先办里面的事
带括号的运算,混合运算,(30 − 6) ÷ 3 等于,8,24,4,72,A,,先算括号里的 24 再除以 3
毫米,毫米、分米和千米,量一枚硬币的厚度，用哪个单位最合适,分米,千米,米,毫米,D,,太薄了，只有毫米量得出来
毫米,毫米、分米和千米,1 厘米等于多少毫米,1000 毫米,100 毫米,10 毫米,1 毫米,C,,指甲盖大约宽 1 厘米也就是 10 毫米
分米,毫米、分米和千米,1 分米等于多少厘米,100 厘米,10 厘米,1 厘米,1000 厘米,B,,分米就是 10 厘米那么长
分米,毫米、分米和千米,一支新铅笔长约 2,分米,千米,毫米,米,A,,2 分米是 20 厘米，正合适
千米,毫米、分米和千米,计量两个城市之间的距离，通常用,厘米,毫米,分米,千米,D,,路太远了，要用大单位
千米,毫米、分米和千米,1 千米等于多少米,10 米,100 米,1000 米,10000 米,C,,千米又叫公里，一公里就是一千米
长度单位换算,毫米、分米和千米,3 米等于多少分米,300 分米,30 分米,3 分米,0.3 分米,B,,1 米是 10 分米，3 米就是 30 分米
长度单位换算,毫米、分米和千米,5000 米等于多少千米,5 千米,50 千米,500 千米,0.5 千米,A,,把米换成千米要去掉三个 0
口算乘法,多位数乘一位数,口算 20 × 3 可以想成,20 减 3,2 × 3 得 6,20 加 3,2 个十乘 3 得 6 个十,D,,先算 2 × 3 再在后面添一个 0
口算乘法,多位数乘一位数,300 × 4 等于,12000,120,1200,700,C,,3 × 4 得 12 后面添两个 0
笔算乘法,多位数乘一位数,笔算 23 × 4 时，先用 4 去乘,十位上的 2,个位上的 3,整个 23,十位上的 4,B,,从个位开始，一位一位乘过去
笔算乘法,多位数乘一位数,18 × 5 的结果是,90,45,95,85,A,,8 × 5 得 40 写 0 进 4，再算 1 × 5 加 4
解决问题,多位数乘一位数,一本笔记本 6 元，买 8 本要多少元,42 元,14 元,54 元,48 元,D,,求 8 个 6 是多少就用乘法
解决问题,多位数乘一位数,每盒有 12 支彩笔，4 盒一共有多少支,36 支,16 支,48 支,44 支,C,,12 × 4 就是四个 12 加起来
线段射线直线,线和角,线段有几个端点,1 个,2 个,0 个,无数个,B,,两头都封住，所以能量出长度
线段射线直线,线和角,把线段的一端无限延长，就得到,射线,直线,角,曲线,A,,只剩一个端点，另一头一直伸下去
角的认识,线和角,角是由什么组成的,三条边,两条线段,一个圆点,一个顶点和两条边,D,,两条边从同一个点张开来
角的认识,线和角,角的两条边张开得越大，这个角就,不变,越小,越大,变成直角,C,,角的大小只看张口，不看边画多长
角的分类,线和角,比直角小的角叫,钝角,锐角,平角,周角,B,,尖尖的角就是锐角
角的分类,线和角,钟面上 6 时整，时针和分针组成的角是,平角,直角,锐角,钝角,A,,两条针连成一条直线就是平角
分数的意义,分数的初步认识,把一个蛋糕平均分成 4 份，其中的 1 份是它的,四,四份,一分之四,四分之一,D,fraction|numerator=1|denominator=4,平均分成几份，每份就是几分之一
分数的意义,分数的初步认识,分数 3/5 中下面的 5 表示,一共有 3 份,取了 5 份,平均分成 5 份,还剩 5 份,C,fraction|numerator=3|denominator=5,下面的数叫分母，表示一共分成多少份
几分之一,分数的初步认识,把一个西瓜平均分成 8 份，每份是它的,1/4,1/8,1/2,8,B,fraction|numerator=1|denominator=8,分成 8 份每份就是八分之一
几分之一,分数的初步认识,同样大的两张纸，一张平均分成 2 份，一张平均分成 6 份，哪一份更大,分成 2 份的那份,分成 6 份的那份,两张一样大,没法比较,A,,分的份数越少，每份反而越大
几分之几,分数的初步认识,把一个正方形平均分成 5 份，取其中 3 份是它的,1/5,5/3,3,3/5,D,fraction|numerator=3|denominator=5,取了几份分子就是几
几分之几,分数的初步认识,7/9 里面有几个 1/9,2 个,9 个,7 个,1 个,C,fraction|numerator=7|denominator=9,分子是几就有几个这样的分数单位
简单分数加减,分数的初步认识,2/7 + 3/7 等于,5/14,5/7,6/7,1/7,B,,分母相同只把分子相加
简单分数加减,分数的初步认识,1 − 3/8 等于,5/8,3/8,2/8,4/8,A,,把 1 看成 8/8 再减
平移,生活中的运动现象,电梯从一楼升到五楼，这种运动是,跳动,旋转,翻折,平移,D,,沿着直线移动，方向一直不变
平移,生活中的运动现象,一个图形平移以后，什么没有变,颜色,位置,形状和大小,重量,C,,只是换了地方，样子一点没变
旋转,生活中的运动现象,钟表上的指针在做什么运动,平移,旋转,翻折,滚动,B,,绕着中间那个点转圈
旋转,生活中的运动现象,风车转动的时候，叶片的形状,没有变,变大了,变小了,变没了,A,,旋转只改方向不改形状
轴对称,生活中的运动现象,把一个图形对折后两边完全重合，这个图形是,任意图形,平移图形,旋转图形,轴对称图形,D,,折痕就是它的对称轴
轴对称,生活中的运动现象,下面哪种图形一定是轴对称的,任意三角形,平行四边形,正方形,任意四边形,C,,正方形有四条对称轴
口算除法,除数是一位数的除法,口算 60 ÷ 3 可以想成,6 ÷ 3 得 2,6 个十除以 3 得 2 个十,60 减 3,60 加 3,B,,先算 6 ÷ 3 再在后面添一个 0
口算除法,除数是一位数的除法,800 ÷ 4 等于,200,20,2000,32,A,,8 ÷ 4 得 2 后面添两个 0
笔算除法,除数是一位数的除法,笔算 96 ÷ 3 时，先看被除数的哪一位,除数,个位,随便哪一位,最高位十位,D,,从高位开始，一位一位往下除
笔算除法,除数是一位数的除法,84 ÷ 4 的结果是,24,20,21,14,C,,8 个十除以 4 得 2 个十，4 个一除以 4 得 1
商中间末尾有0,除数是一位数的除法,609 ÷ 3 的商是,23,203,2003,63,B,,十位上 0 除以 3 还是 0，要写下来占位
商中间末尾有0,除数是一位数的除法,840 ÷ 4 的商是,210,21,201,204,A,,个位 0 除以 4 得 0，别漏掉
长方形特征,长方形和正方形,长方形的对边,互相垂直,四条边都相等,一定不相等,相等并且平行,D,,对着的两条边一样长
长方形特征,长方形和正方形,长方形的四个角都是,钝角,锐角,直角,说不准,C,,方方正正，四个都是直角
正方形特征,长方形和正方形,正方形的四条边,只有对边相等,都相等,都不相等,两条长两条短,B,,四边一样长才叫正方形
正方形特征,长方形和正方形,正方形和长方形的关系是,正方形是特殊的长方形,两者完全没关系,长方形是特殊的正方形,一样大,A,,正方形具备长方形的所有特点
周长,长方形和正方形,一个长方形长 6 厘米宽 4 厘米，它的周长是,48 厘米,24 厘米,10 厘米,20 厘米,D,,（6 + 4）× 2 得 20
周长,长方形和正方形,边长 5 厘米的正方形，周长是,10 厘米,25 厘米,20 厘米,15 厘米,C,,四条边一样长，5 × 4 得 20
面积含义,图形的面积,课桌桌面的大小指的是桌面的,周长,面积,长度,高度,B,,面有多大就是面积
面积含义,图形的面积,给桌面四周贴一圈花边，求的是桌面的,周长,面积,高度,宽度,A,,绕一圈的边线总长是周长
面积单位,图形的面积,边长 1 厘米的正方形，面积是,1 平方米,1 厘米,1 平方分米,1 平方厘米,D,,小小一个格子就是 1 平方厘米
面积单位,图形的面积,测量教室地面的面积，用哪个单位合适,平方毫米,平方厘米,平方米,厘米,C,,教室很大要用大单位
长方形正方形面积,图形的面积,长 5 厘米宽 3 厘米的长方形，面积是,16 平方厘米,15 平方厘米,8 厘米,15 厘米,B,,长 × 宽就是面积
长方形正方形面积,图形的面积,边长 4 米的正方形，面积是,16 平方米,16 米,8 平方米,4 平方米,A,,正方形的面积是边长 × 边长
简单数据统计,数据的收集与整理,要知道全班同学最喜欢哪种水果，最好的办法是,不用统计,自己猜一个,只问一个同学,先调查再记录,D,,数据要一个一个收集起来才准
简单数据统计,数据的收集与整理,用画「正」字的方法记录数据，一笔代表,10 个,5 个,1 个,2 个,C,,一个正字正好五笔
条形统计图,数据的收集与整理,条形统计图里，直条越高表示数量,越少,越多,不变,不确定,B,,直条高高就是数量大
条形统计图,数据的收集与整理,看条形统计图时，一眼就能比出,数量的多少,颜色的深浅,时间的长短,图形的形状,A,,比高低就知道谁多谁少
小数含义,小数的初步认识,0.5 元表示,50 元,5 分,5 元,5 角,D,,小数点右边第一位表示角
小数含义,小数的初步认识,1.2 米表示,12 米,1 米 2 厘米,1 米 2 分米,1 米 2 毫米,C,,小数点右边第一位表示分米
简单小数加减,小数的初步认识,0.8 + 0.5 等于,0.13,1.3,13,0.3,B,,小数点对齐，8 加 5 满十进一
简单小数加减,小数的初步认识,2.4 − 0.7 等于,1.7,2.3,1.3,3.1,A,,4 不够减就向个位借一当十
亿以内数的认识,万以上数的认识,10 个一万是,一千,一万,一百万,十万,D,,满十就向前一位进一
亿以内数的认识,万以上数的认识,一个数从右往左数第五位是,十万位,千位,万位,百位,C,,个十百千万，第五位是万位
十进制计数法,万以上数的认识,每相邻两个计数单位之间的进率是,100,10,1000,2,B,,十进制就是满十进一
十进制计数法,万以上数的认识,10 个十万是,一百万,十万,一千万,一万,A,,十万再满十就到百万
近似数,万以上数的认识,把 38460 省略万位后面的尾数约是,39 万,3 万,38 万,4 万,D,,看千位上的 8，满五进一
近似数,万以上数的认识,一个数四舍五入后约是 5 万，这个数最大是,49999,55999,54999,50001,C,,要最大就选千位是 4 后面全是 9
直线射线线段,角的度量,把线段向两端无限延长，就得到,射线,直线,角,曲线,B,,两头都无限伸下去就是直线
直线射线线段,角的度量,经过两点能画几条直线,1 条,2 条,无数条,0 条,A,,两点确定一条直线
角的度量,角的度量,量一个角有多大，要用,橡皮,直尺,圆规,量角器,D,,量角器上有刻度专门量角
角的度量,角的度量,1 个平角是多少度,360°,90°,180°,60°,C,,平角的两条边成一条直线
角的分类与画角,角的度量,大于 90° 而小于 180° 的角叫,锐角,钝角,直角,平角,B,,比直角大又没到平角就是钝角
角的分类与画角,角的度量,不用量角器也能画出 60° 的角，可以借助,三角板,直尺,圆规,课本,A,,三角板上就有现成的 60° 角
笔算乘法,多位数乘两位数,笔算 145 × 12 时，可以拆成,145 × 10 加 145 × 1,145 × 1 加 145 × 2,145 × 12 加 145 × 1,145 × 10 加 145 × 2,D,,把 12 拆成 10 加 2 分别相乘
笔算乘法,多位数乘两位数,三位数乘两位数，积最少是,五位数,三位数,四位数,两位数,C,,最小的 100 × 10 也是四位数
常见数量关系,多位数乘两位数,速度 × 时间 求的是,总价,路程,单价,数量,B,,走得越快越久路就越长
常见数量关系,多位数乘两位数,每支笔 3 元，买 12 支要多少元，这是在求,总价,单价,数量,路程,A,,单价 × 数量就是总价
加法模型,加法模型和乘法模型,求两部分合起来一共是多少，用,除法,减法,乘法,加法,D,,合起来就用加法
加法模型,加法模型和乘法模型,小明有 25 元，小红比他多 8 元，求小红有多少元用,乘法,减法,加法,除法,C,,比谁多就加上多出来的那部分
乘法模型,加法模型和乘法模型,求几个相同加数的和，用,加法,乘法,减法,除法,B,,加数都一样时乘法更快
乘法模型,加法模型和乘法模型,每排 6 人，一共 5 排，求总人数的算式是,6 × 5,6 + 5,6 − 5,6 ÷ 5,A,,5 个 6 相加就是 6 × 5
平行与垂直,平行四边形和梯形,同一平面内永远不相交的两条直线叫,线段,垂线,射线,平行线,D,,像铁轨一样永远保持距离
平行与垂直,平行四边形和梯形,两条直线相交成直角时，这两条直线,正好重合,互相平行,互相垂直,断开了,C,,交角是 90° 就叫垂直
平行四边形,平行四边形和梯形,平行四边形有几组对边平行,1 组,2 组,0 组,4 组,B,,上下一组左右一组
平行四边形,平行四边形和梯形,伸缩门常做成平行四边形，是因为它容易,变形,变重,变色,变圆,A,,平行四边形不像三角形那样稳定
梯形,平行四边形和梯形,梯形是只有几组对边平行的四边形,3 组,2 组,0 组,1 组,D,,只有一组就是梯形
梯形,平行四边形和梯形,两条腰长度相等的梯形叫,平行四边形,直角梯形,等腰梯形,长方形,C,,腰相等就是等腰梯形
单式条形图,条形统计图,条形统计图用直条的什么来表示数量多少,粗细,长短,颜色,位置,B,,直条越长数量越多
单式条形图,条形统计图,画条形统计图时，一格可以表示,1 个或更多个单位,只能表示 1 个,只能表示 10 个,不能变,A,,数据大时一格可以表示多个
复式条形图,条形统计图,要同时比较男生和女生喜欢各种运动的人数，最适合用,扇形统计图,单式条形统计图,折线统计图,复式条形统计图,D,,两组数据放一起比最清楚
复式条形图,条形统计图,复式条形统计图用什么来区分不同的组,直条的粗细,直条的长短,颜色或底纹,直条的位置,C,,不同颜色代表不同组
口算除法,除数是两位数的除法,口算 80 ÷ 20 的结果是,40,4,400,2,B,,看成 8 个十除以 2 个十
口算除法,除数是两位数的除法,口算 240 ÷ 30 时，可以把它看成,24 ÷ 3,240 ÷ 3,24 ÷ 30,240 ÷ 3 再添一个 0,A,,末尾同时去掉一个 0 商不变
笔算除法,除数是两位数的除法,笔算 192 ÷ 24 试商时，把 24 看成多少来试,25,24,30,20,D,,个位不满五就舍掉看成整十数
笔算除法,除数是两位数的除法,576 ÷ 18 的商是,23,30,32,38,C,,18 × 32 正好是 576
商的变化规律,除数是两位数的除法,被除数不变，除数乘 5，商就,乘 5,除以 5,不变,加 5,B,,分的人越多每人分到的越少
商的变化规律,除数是两位数的除法,被除数和除数同时乘或除以相同的数（0 除外），商,不变,变大,变小,变成 0,A,,同增同减商不变
四则运算顺序,混合运算和运算律,一个没有括号的算式里既有乘除又有加减，要先算,哪个数字大先算哪个,加减法,从左往右,乘除法,D,,乘除比加减优先
四则运算顺序,混合运算和运算律,算式里既有小括号又有中括号，要先算,括号外面的,中括号里的,小括号里的,从左往右,C,,先算最里面的小房间
加法运算律,混合运算和运算律,28 + 45 + 55 用加法结合律，先算,28 + 45,45 + 55,28 + 55,45 − 55,B,,能凑成整百的两个数先加
加法运算律,混合运算和运算律,a + b = b + a 表示的是,加法交换律,加法结合律,乘法交换律,乘法结合律,A,,换位置结果不变就是交换律
乘法运算律,混合运算和运算律,25 × 13 × 4 简算时先算,13 × 4 再减 25,25 × 13,13 × 4,25 × 4,D,,25 和 4 是好朋友能凑整百
乘法运算律,混合运算和运算律,(40 + 8) × 25 用乘法分配律展开是,40 + 8 × 25,40 × 25 + 8,40 × 25 + 8 × 25,40 × 25 × 8,C,,括号里的每一个都要乘 25
三角形特性,三角形,三角形有几条边和几个顶点,3 条边 4 个顶点,3 条边 3 个顶点,4 条边 4 个顶点,2 条边 2 个顶点,B,,三条边围起来三个尖尖
三角形特性,三角形,自行车架和篮球架常做成三角形，是因为三角形有,稳定性,容易变形,能滚动,能伸缩,A,,三角形拉不动最结实
三角形分类,三角形,三条边都相等的三角形叫,钝角三角形,等腰三角形,直角三角形,等边三角形,D,,三边一样长三个角也一样大
三角形分类,三角形,有一个角是直角的三角形叫,钝角三角形,锐角三角形,直角三角形,等边三角形,C,,有一个直角就是直角三角形
三角形内角和,三角形,一个三角形的两个角是 60° 和 50°，第三个角是,60°,70°,80°,50°,B,,用 180 减 60 再减 50
三角形内角和,三角形,三角形三个内角的和是,180°,90°,360°,270°,A,,三个角剪下来拼在一起正好是一个平角
三角形内角和,三角形,一个三角形两个角分别是 35° 和 65°，第三个角是,100°,70°,90°,80°,D,,180 减 35 再减 65
小数的意义,小数的认识,0.1 表示,一,百分之一,十分之一,十,C,,把 1 平均分成 10 份取一份
小数的意义,小数的认识,0.01 表示,十分之一,百分之一,千分之一,一,B,,小数点右边第二位是百分位
小数的性质,小数的认识,在小数的末尾添上 0 或去掉 0，小数的大小,不变,变大,变小,变成整数,A,,末尾的 0 不影响大小
小数的性质,小数的认识,0.5 和 0.50 相比,无法比较,0.5 更大,0.50 更大,大小相等,D,,末尾多写一个 0 大小不变
小数大小比较,小数的认识,比较两个小数的大小，先比较,小数位数,小数部分,整数部分,末尾数字,C,,先看整数部分谁大
小数大小比较,小数的认识,0.3 0.25 0.4 这三个数中最大的是,0.3,0.4,0.25,三个一样大,B,,先比整数部分都相同，再比十分位
小数加减法,小数的加法和减法,计算小数加减法时，要把什么对齐,小数点,末尾数字,最高位,最低位,A,,小数点对齐了数位就对齐了
小数加减法,小数的加法和减法,3.6 + 2.8 等于,5.14,5.4,6.14,6.4,D,,6 加 8 满十进一
小数加减混合,小数的加法和减法,10 − 3.5 − 2.5 等于,6,5,4,3.5,C,,连续减两次一共减掉 6
小数加减混合,小数的加法和减法,5.6 + 2.4 − 3 等于,8,5,4,6,B,,先凑整再减更简便
平均数的意义,平均数,平均数反映一组数据的,整体水平,最大数,最小数,总个数,A,,它比最大的小比最小的大
平均数的意义,平均数,小明三次测验成绩是 90 分 92 分 88 分，平均分是,92 分,91 分,89 分,90 分,D,,三个数加起来除以 3
求平均数,平均数,求平均数的方法是,最大数 + 最小数,总数 × 个数,总数 ÷ 个数,总数 − 个数,C,,先合起来再平分
求平均数,平均数,4 个数的平均数是 12，它们的总和是,16,48,3,12,B,,平均数 × 个数就是总数
从前面上面左面观察,观察简单组合体,要全面认识一个立体图形，通常从几个方向去观察,3 个,1 个,2 个,4 个,A,,从前面 上面 左面三个方向看
从前面上面左面观察,观察简单组合体,把一个正方体和一个长方体并排摆好，从前面看可能看到,什么都看不到,一个圆,一个三角形,两个长方形,D,,先看整体轮廓再看细节
画出视图,观察简单组合体,画从上面看到的图形时，要先想清楚,颜色是什么,有多少个面,有几行几列,有多重,C,,从上往下看就是数格子
画出视图,观察简单组合体,从正面看到的图形有 2 层，画图时就要,只画 1 层,上下画 2 层,画 3 层,随便画几层,B,,看到几层就画几层
小数乘整数,小数乘法,0.8 × 3 等于,2.4,24,0.24,2.04,A,,先按整数乘再点上小数点
小数乘整数,小数乘法,一本练习本 2.5 元，买 4 本要多少元,100 元,8 元,1 元,10 元,D,,4 个 2.5 就是 2.5 × 4
小数乘小数,小数乘法,0.3 × 0.4 等于,0.7,1.2,0.12,12,C,,两个因数一共有两位小数
小数乘小数,小数乘法,计算 1.2 × 0.5 时，积是,6,0.6,0.06,0.17,B,,先算 12 × 5 再点两位小数
积的近似数,小数乘法,求积的近似数最常用的方法是,四舍五入法,进一法,去尾法,估一估,A,,看要保留那一位的下一位
积的近似数,小数乘法,0.68 × 3 的积保留一位小数约是,2,2.1,2.04,2.0,D,,0.68 × 3 得 2.04 百分位是 4 舍掉
除数是整数,小数除法,7.2 ÷ 6 等于,0.12,12,1.2,1.02,C,,按整数除，商的小数点跟着走
除数是整数,小数除法,小数除以整数时，商的小数点要和谁对齐,除数的小数点,被除数的小数点,商的末尾,不用对齐,B,,对齐了数位就不会错
除数是小数,小数除法,计算 3.6 ÷ 0.4 时，先把除数变成整数，要,被除数和除数都扩大 10 倍,只把除数扩大 10 倍,只把被除数扩大 10 倍,两个数都不变,A,,同进同退商不变
除数是小数,小数除法,3.6 ÷ 0.4 等于,0.09,0.9,90,9,D,,看成 36 ÷ 4 就好算了
循环小数,小数除法,1 ÷ 3 的商是,3,0.3,0.333…,0.33,C,,除不尽时会出现不断重复的数字
循环小数,小数除法,循环小数 0.666… 保留两位小数约是,0.66,0.67,0.67…,0.7,B,,看第三位 6 满五进一
平移,图形的运动,平移时图形上的每个点移动的方向和距离,都相同,都不同,方向同距离不同,方向不同距离同,A,,整块一起走，谁也不掉队
平移,图形的运动,要说清一次平移，必须说清楚,形状,颜色,大小,方向和距离,D,,往哪边走 走多远
旋转,图形的运动,说清一次旋转，要说清旋转中心 旋转方向和,大小,颜色,旋转角度,位置,C,,三件事缺一不可
旋转,图形的运动,钟面上分针从 12 走到 3，转了,60°,90°,30°,180°,B,,一圈 360° 平均分成 12 大格
轴对称再认识,图形的运动,一个轴对称图形至少有,1 条对称轴,2 条对称轴,3 条对称轴,0 条对称轴,A,,能对折重合就有对称轴
轴对称再认识,图形的运动,正方形有几条对称轴,无数条,2 条,1 条,4 条,D,,横竖各一条再加两条斜的
用字母表示数,用字母表示数和数量关系,小明今年 a 岁，比他大 2 岁的哥哥今年,2a 岁,a − 2 岁,a + 2 岁,a 岁,C,,大几岁就加几
用字母表示数,用字母表示数和数量关系,每本书 x 元，买 5 本要,x + 5 元,5x 元,x − 5 元,5 ÷ x 元,B,,数字通常写在字母前面
用字母表示公式,用字母表示数和数量关系,长方形的面积公式用字母表示是,S = ab,S = a + b,S = 2a,S = a ÷ b,A,,长 a 宽 b 面积就是 a 乘 b
用字母表示公式,用字母表示数和数量关系,正方形的周长公式用字母表示是,C = a + 4,C = a²,C = 2a,C = 4a,D,,四条边都等于 a
简易方程,用字母表示数和数量关系,含有未知数的等式叫,不等式,算式,方程,代数式,C,,又有未知数又是等式
简易方程,用字母表示数和数量关系,方程 x + 5 = 12 的解是,x = 17,x = 7,x = 5,x = 12,B,,两边同时减 5
平行四边形面积,多边形的面积,平行四边形的面积公式是,底 × 高,底 × 邻边,（底 + 邻边）× 2,底 ÷ 高,A,,高必须是底边上的垂直距离
平行四边形面积,多边形的面积,一个平行四边形底 8 厘米高 5 厘米，面积是,40 厘米,13 平方厘米,26 平方厘米,40 平方厘米,D,,8 × 5 得 40
三角形面积,多边形的面积,底 10 厘米、高 6 厘米的三角形面积是,16 平方厘米,60 平方厘米,30 平方厘米,30 厘米,C,,别忘了除以 2
三角形面积,多边形的面积,三角形的面积公式是,底 × 高,底 × 高 ÷ 2,（底 + 高）× 2,底 × 高 × 2,B,,两个一样的三角形能拼成平行四边形
梯形面积,多边形的面积,上底 3、下底 7、高 4 的梯形面积是,20,40,10,14,A,,（3 + 7）× 4 ÷ 2
梯形面积,多边形的面积,梯形的面积公式是,上底 + 下底 × 高,上底 × 高 ÷ 2,（上底 + 下底）× 高,（上底 + 下底）× 高 ÷ 2,D,,先求上下底之和再乘高除以 2
组合图形,多边形的面积,求组合图形的面积，常用的方法是,只能添补,只能分割,分割或添补,直接猜一个,C,,拆成学过的图形再算
组合图形,多边形的面积,一个组合图形分成一个长方形和一个三角形，它的面积是,两部分面积之积,两部分面积之和,大减小,一半,B,,切开的几块加起来就是总面积
事件发生的确定性,可能性,太阳从东边升起，这是,一定发生的事,可能发生的事,不可能发生的事,说不准的事,A,,每天都在发生就是一定
事件发生的确定性,可能性,明天会下雨，这是,已经发生的事,一定发生的事,不可能发生的事,可能发生的事,D,,天气有变数只能说可能
可能性大小,可能性,盒子里红球多白球少，随便摸一个,两种一样大,摸到白球的可能性大,摸到红球的可能性大,一定摸到红球,C,,数量多的被摸到的机会大
可能性大小,可能性,抛一枚硬币，正面朝上的可能性是,一定,一半,0,全部,B,,两种情况机会均等
因数倍数,因数和倍数,12 的因数有几个,6 个,4 个,12 个,2 个,A,,1 2 3 4 6 12 一共六个
因数倍数,因数和倍数,一个数的最小倍数是,2,1,0,它本身,D,,最小倍数是自己，没有最大倍数
2、5、3的倍数特征,因数和倍数,个位上是 0 或 5 的数一定是,3 的倍数,2 的倍数,5 的倍数,7 的倍数,C,,看个位就能判断
2、5、3的倍数特征,因数和倍数,一个数各位上的数字之和是 3 的倍数，这个数就是,2 的倍数,3 的倍数,5 的倍数,9 的倍数,B,,把各位数字加起来试试
质数合数,因数和倍数,一个数只有 1 和它本身两个因数，这个数叫,质数,合数,奇数,偶数,A,,因数只有两个就是质数
质数合数,因数和倍数,关于 1 的说法正确的是,1 是偶数,1 是质数,1 是合数,1 既不是质数也不是合数,D,,1 太特殊了，两样都不是
分数单位,分数的认识,5/8 的分数单位是,1/5,5/8,1/8,8,C,,分母是几分数单位就是几分之一
分数单位,分数的认识,一个分数的分数单位由什么决定,分子,分母,分数值,分数线,B,,分母决定分成多少份
真分数假分数,分数的认识,分子比分母小的分数叫,真分数,假分数,带分数,整数,A,,真分数都比 1 小
真分数假分数,分数的认识,分子大于或等于分母的分数叫,小数,真分数,真分数或假分数,假分数,D,,假分数等于 1 或大于 1
分数的基本性质,分数的认识,分数的分子和分母同时乘或除以相同的数（0 除外），分数的大小,变小,变大,不变,变成 1,C,,同乘同除大小不变
分数的基本性质,分数的认识,把 2/3 变成分母是 12 的分数，分子要变成,6,8,4,12,B,,分母扩大 4 倍分子也扩大 4 倍
同分母分数加减,分数的加法和减法,5/9 − 2/9 等于,3/9,7/9,3/18,7/18,A,,分母不变分子相减
同分母分数加减,分数的加法和减法,同分母分数相加减，什么不变,分子和分母,分子,分数值,分母,D,,分母是单位不用动
异分母分数加减,分数的加法和减法,计算 1/2 + 1/3 时要先,化成小数,约分,通分,直接相加,C,,分母不同不能直接加
异分母分数加减,分数的加法和减法,1/2 + 1/3 等于,2/5,5/6,2/6,1/5,B,,通分成 3/6 + 2/6
混合运算,分数的加法和减法,分数加减混合运算的顺序和整数加减混合运算,相同,完全不同,只能从左往右,随便先算哪个,A,,规则是通用的
混合运算,分数的加法和减法,1 − 1/4 − 1/4 等于,0,3/4,1/4,1/2,D,,把 1 看成 4/4 再连减
长方体特征,长方体和正方体,长方体有几个面,8 个,4 个,6 个,12 个,C,,上下左右前后共六个
长方体特征,长方体和正方体,长方体相对的棱,长度都不相等,长度相等,只有 4 条相等,长度随便,B,,相对的四条棱一样长
正方体特征,长方体和正方体,正方体的 12 条棱,长度都相等,只有相对的相等,分成两组,都不相等,A,,正方体每条棱都一样
正方体特征,长方体和正方体,正方体是特殊的,圆锥,圆柱,球,长方体,D,,它是长宽高都相等的长方体
表面积,长方体和正方体,长方体 6 个面的总面积叫它的,容积,体积,表面积,周长,C,,把盒子拆开摊平就是表面积
表面积,长方体和正方体,一个正方体棱长 3 厘米，它的表面积是,27 平方厘米,54 平方厘米,9 平方厘米,18 平方厘米,B,,一个面 9 平方厘米共 6 个面
体积容积,长方体和正方体,物体所占空间的大小叫它的,体积,表面积,容积,面积,A,,占多大地方就是体积
体积容积,长方体和正方体,一个长方体长 4 宽 3 高 2，它的体积是,26,12,9,24,D,,长 × 宽 × 高
单式折线图,折线统计图,要看出一天里气温的变化趋势，最适合用,统计表,条形统计图,折线统计图,扇形统计图,C,,折线最能看出升降
单式折线图,折线统计图,折线统计图上的点越往上，表示数量,越小,越大,不变,不确定,B,,点的高低就是数量的多少
复式折线图,折线统计图,要比较两地一年中气温的变化，最适合用,复式折线统计图,单式折线统计图,单式条形图,统计表,A,,两条折线放一起最好比
复式折线图,折线统计图,复式折线统计图用什么区分不同的折线,纵轴,点的大小,横轴,颜色或线型,D,,不同颜色代表不同的对象
用方向和距离确定位置,确定位置,要确定一个地点的位置，必须说清,只要距离,只要方向,方向和距离,只要颜色,C,,像导航一样两样都要有
用方向和距离确定位置,确定位置,「北偏东 30°」里的 30° 是,从正东方向往北转的角,从正北方向往东转的角,与地面成的角,随便量出来的角,B,,先说基准方向再偏转
描述路线图,确定位置,描述一段行走路线时，每到一个点都要说清,方向和距离,只要方向,只要距离,只要时间,A,,一步一步说才不会走错
描述路线图,确定位置,去的时候向东走了 200 米，原路返回时要,原地不动,向东走 200 米,向北走 200 米,向西走 200 米,D,,方向相反距离不变
分数乘整数,分数乘法,2/7 × 3 等于,6/21,5/7,6/7,3/7,C,,分子乘 3 分母不动
分数乘整数,分数乘法,分数乘整数的计算方法是,分子分母都乘整数,分子乘整数 分母不变,分母乘整数 分子不变,分子加上整数,B,,只让分子变多
分数乘分数,分数乘法,1/2 × 1/3 等于,1/6,2/3,1/5,2/6,A,,分子乘分子 分母乘分母
分数乘分数,分数乘法,分数乘分数的法则是,分子除以分母,分子加分子 分母加分母,分子乘分母,分子乘分子 分母乘分母,D,,各乘各的
解决问题,分数乘法,一根绳子长 3/4 米，用去它的 1/2，用去了,1/4 米,3/2 米,3/8 米,3/4 米,C,,求一个数的几分之几用乘法
解决问题,分数乘法,求一个数的几分之几是多少，用,加法,乘法,减法,除法,B,,「的」字常常就是乘号
分数除以整数,分数除法,4/5 ÷ 2 等于,2/5,4/5,8/5,1/5,A,,把 4 份平均分成 2 份
分数除以整数,分数除法,分数除以一个不为 0 的整数，等于,加上这个整数,除以这个整数的倒数,乘这个整数,乘这个整数的倒数,D,,除以 2 就是乘 1/2
一个数除以分数,分数除法,2 ÷ 1/3 等于,1/6,2/3,6,3,C,,2 里面有几个 1/3
一个数除以分数,分数除法,一个数除以分数，等于,除以这个分数的倒数,乘这个分数的倒数,乘这个分数,减去这个分数,B,,除号变乘号 分数翻个身
比与除法,分数除法,3 : 4 写成除法算式是,3 ÷ 4,4 ÷ 3,3 × 4,4 − 3,A,,比号就是除号
比与除法,分数除法,比的前项相当于除法中的,余数,除数,商,被除数,D,,前项 ÷ 后项 = 比值
圆的认识,圆,圆中心的那一点叫,直径,半径,圆心,圆周,C,,圆心决定圆的位置
圆的认识,圆,在同一个圆里，直径的长度是半径的,一半,2 倍,3 倍,一样长,B,,直径要穿过圆心
圆的周长,圆,半径 5 厘米的圆，周长约为（π取3.14）,31.4 厘米,15.7 厘米,78.5 厘米,10 厘米,A,,先用直径 10 再乘 3.14
圆的周长,圆,圆的周长公式是,C = πd²,C = πr,C = 2πd,C = πd,D,,周长 = 圆周率 × 直径
圆的面积,圆,半径 2 厘米的圆，面积约为（π取3.14）,25.12,6.28,12.56,4,C,,半径要先自己乘自己
圆的面积,圆,圆的面积公式是,S = πr,S = πr²,S = 2πr,S = πd²,B,,半径的平方乘圆周率
百分数的意义,百分数,百分数表示一个数是另一个数的,百分之几,千分之几,几倍,十分之几,A,,都拿 100 当标准来比
百分数的意义,百分数,45% 读作,四十五,百分之四五,四五百分,百分之四十五,D,,先读百分号再读数字
百分数互化,百分数,把 0.35 化成百分数是,0.35%,3.5%,35%,350%,C,,小数点向右移两位
百分数互化,百分数,把 25% 化成分数是,1/25,1/4,25/10,1/5,B,,先写成分母 100 再约分
比的意义性质,比和比例关系,两个数相除又叫这两个数的,比,比例,商,积,A,,比号就相当于除号
比的意义性质,比和比例关系,比的前项和后项同时乘或除以相同的数（0 除外），比值,变成 1,变大,变小,不变,D,,同乘同除比值不变
比例的意义性质,比和比例关系,表示两个比相等的式子叫,等式,比,比例,方程,C,,两个比相等才叫比例
比例的意义性质,比和比例关系,在比例里，两个外项的积等于,两个外项的和,两个内项的积,两个内项的和,两个外项的差,B,,交叉相乘的积相等
正比例,比和比例关系,两种相关联的量，它们相对应的两个数的比值一定，这两种量成,正比例,反比例,不成比例,无法判断,A,,一个变大另一个也变大
正比例,比和比例关系,速度一定时，路程和时间,时而成正时而成反,成反比例,不成比例,成正比例,D,,路程 ÷ 时间 = 速度 不变
反比例,比和比例关系,两种相关联的量，它们相对应的两个数的乘积一定，这两种量成,不成比例,正比例,反比例,无法判断,C,,一个变大另一个反而变小
反比例,比和比例关系,路程一定时，速度和时间,成正比例,成反比例,不成比例,时快时慢,B,,速度 × 时间 = 路程 不变
扇形统计图认识,扇形统计图,扇形统计图用整个圆表示,总量,各部分的数量,平均数,单位,A,,整个圆就是全部
扇形统计图认识,扇形统计图,扇形统计图中，扇形的大小表示这部分占总量的,先后顺序,具体数量,单位名称,百分比,D,,看扇形占多少角度
选择合适统计图,扇形统计图,要看出各部分占总体的百分比，最适合用,折线统计图,条形统计图,扇形统计图,统计表,C,,看占比首选扇形图
选择合适统计图,扇形统计图,要看出数量增减变化的趋势，最适合用,条形统计图,折线统计图,扇形统计图,统计表,B,,看走势选折线图
圆柱认识,圆柱和圆锥,圆柱的上下两个底面是,两个完全相同的圆,两个大小不同的圆,两个长方形,两个三角形,A,,像两个一样的圆片叠起来
圆柱认识,圆柱和圆锥,把圆柱的侧面沿高剪开，展开后是一个,梯形,圆形,三角形,长方形,D,,底面周长就是长方形的长
圆柱的表面积,圆柱和圆锥,圆柱的表面积等于,只有两个底面积,只有侧面积,侧面积加两个底面积,侧面积减底面积,C,,把圆柱拆开看就明白了
圆柱的表面积,圆柱和圆锥,一个圆柱底面半径 1 高 2，它的侧面积是（π取3.14）,6.28,12.56,3.14,25.12,B,,底面周长 × 高
圆柱体积,圆柱和圆锥,底面半径 2、高 3 的圆柱体积约为（π取3.14）,37.68,12.56,18.84,6,A,,底面积 × 高
圆柱体积,圆柱和圆锥,圆柱的体积公式是,V = Ch,V = 2Sh,V = Sh ÷ 3,V = Sh,D,,底面积乘高
圆锥体积,圆柱和圆锥,与圆柱等底等高（底半径2高3）的圆锥体积约为,4.19,37.68,12.56,18.84,C,,圆柱体积的三分之一
圆锥体积,圆柱和圆锥,圆锥的体积等于和它等底等高的圆柱体积的,一半,三分之一,2 倍,3 倍,B,,倒三次正好装满圆柱
数与代数,总复习,小数 分数 百分数 三者之间,可以互相转化,完全不能转化,只能小数转分数,只能分数转小数,A,,它们只是写法不同
数与代数,总复习,0.25 1/4 25% 这三个数,25% 最大,0.25 最大,1/4 最大,大小相等,D,,同一个数的三种写法
图形与几何,总复习,长方体和正方体都有几个面,8 个,4 个,6 个,12 个,C,,上下左右前后一共六面
图形与几何,总复习,计算组合图形的面积，常用的思路是,直接用尺子量,分割成学过的图形再相加,凭感觉估,只用乘法,B,,拆成会算的图形就好办了
统计与概率,总复习,条形统计图便于比多少，折线统计图便于看出,增减变化的趋势,占总体的百分比,具体的单位,项目的名称,A,,折线看走势条形比多少
统计与概率,总复习,抛一枚硬币 10 次，正面朝上的次数,一定 10 次,一定正好 5 次,一定不是 5 次,可能是 5 次左右,D,,可能性大不等于一定发生
