subject,path,textbook,semester,chapter,order,word,meaning,partOfSpeech,example
数学,知识点,人教版,八年级上册,三角形,1,与三角形有关线段,三角形三边关系及高中线角平分线,图形与几何,两边和大于第三边
数学,知识点,人教版,八年级上册,三角形,2,三角形内角,内角和恒为180度,图形与几何,两角已知可求第三角
数学,知识点,人教版,八年级上册,三角形,3,多边形,由三条以上线段围成的封闭图形,图形与几何,五边形有五条边
数学,知识点,人教版,八年级上册,全等三角形,1,全等三角形,能完全重合的两个三角形全等,图形与几何,形状和大小都相同
数学,知识点,人教版,八年级上册,全等三角形,2,三角形全等的判定,SSS、SAS、ASA、AAS、HL,图形与几何,三边对应相等则全等
数学,知识点,人教版,八年级上册,全等三角形,3,角的平分线的性质,角平分线上的点到两边距离相等,图形与几何,引垂线段相等
数学,知识点,人教版,八年级上册,轴对称,1,轴对称,沿直线对折完全重合,图形与几何,蝴蝶图案轴对称
数学,知识点,人教版,八年级上册,轴对称,2,画轴对称图形,找对称点再连线,图形与几何,虚线为对称轴
数学,知识点,人教版,八年级上册,轴对称,3,等腰三角形,两边相等的三角形底角相等,图形与几何,等腰三角两底角相等
数学,知识点,人教版,八年级上册,整式的乘法与因式分解,1,整式乘法,同底数幂相乘、幂的乘方、积乘方,数与代数,a²·a³=a⁵
数学,知识点,人教版,八年级上册,整式的乘法与因式分解,2,乘法公式,平方差公式与完全平方公式,数与代数,(a+b)²=a²+2ab+b²
数学,知识点,人教版,八年级上册,整式的乘法与因式分解,3,因式分解,把多项式写成整式乘积,数与代数,x²−1=(x+1)(x−1)
数学,知识点,人教版,八年级上册,分式,1,分式,形如A/B且B含字母的式子,数与代数,1/x是分式
数学,知识点,人教版,八年级上册,分式,2,分式的运算,通分约分后加减乘除,数与代数,1/x+1/y=(x+y)/xy
数学,知识点,人教版,八年级上册,分式,3,分式方程,分母含未知数的方程,数与代数,1/x=2
数学,知识点,人教版,八年级下册,二次根式,1,二次根式,形如√a且a≥0的式子,数与代数,√4=2
数学,知识点,人教版,八年级下册,二次根式,2,二次根式的乘除,√a·√b=√(ab)，√a/√b=√(a/b),数与代数,√2·√3=√6
数学,知识点,人教版,八年级下册,二次根式,3,二次根式的加减,化为最简后合并同类,数与代数,√8+√2=3√2
数学,知识点,人教版,八年级下册,勾股定理,1,勾股定理,直角三角形a²+b²=c²,图形与几何,直角边3、4斜边5
数学,知识点,人教版,八年级下册,勾股定理,2,勾股定理逆定理,三边满足a²+b²=c²则为直角,图形与几何,5、12、13构直角三角形
数学,知识点,人教版,八年级下册,平行四边形,1,平行四边形,两组对边分别平行,图形与几何,对边相等对角相等
数学,知识点,人教版,八年级下册,平行四边形,2,特殊的平行四边形,菱形矩形正方形,图形与几何,正方形四边相等四角直角
数学,知识点,人教版,八年级下册,一次函数,1,变量与函数,一个量随另一个量变化,数与代数,y随x增大而增大
数学,知识点,人教版,八年级下册,一次函数,2,一次函数,形如y=kx+b的函数,数与代数,y=2x+1
数学,知识点,人教版,八年级下册,一次函数,3,用函数看方程不等式,一次方程与一次函数图象对应,数与代数,解kx+b=0即求x截距
数学,知识点,人教版,八年级下册,数据的分析,1,平均数,数据总和除以总个数,统计与概率,(80+90)/2=85
数学,知识点,人教版,八年级下册,数据的分析,2,中位数与众数,排序取中间为中位数，出现最多为众数,统计与概率,1、2、2、3中位数是2
数学,知识点,人教版,八年级下册,数据的分析,3,方差,反映数据波动大小,统计与概率,方差越大越不稳定
数学,知识点,人教版,九年级上册,一元二次方程,1,一元二次方程,只含一个未知数且最高二次,数与代数,ax²+bx+c=0
数学,知识点,人教版,九年级上册,一元二次方程,2,解一元二次方程,配方法、公式法、因式分解法,数与代数,x²−5x+6=0解为2或3
数学,知识点,人教版,九年级上册,一元二次方程,3,实际问题,列方程解增长率面积问题,数与代数,连续两次增10%求结果
数学,知识点,人教版,九年级上册,二次函数,1,二次函数,最高次为二次的函数,数与代数,y=x²−2x
数学,知识点,人教版,九年级上册,二次函数,2,图象与性质,抛物线开口由a决定顶点对称轴,数与代数,a>0开口向上
数学,知识点,人教版,九年级上册,二次函数,3,实际问题,用抛物线建模,数与代数,抛球轨迹是抛物线
数学,知识点,人教版,九年级上册,旋转,1,图形的旋转,绕定点按方向转动,图形与几何,风车旋转
数学,知识点,人教版,九年级上册,旋转,2,中心对称,绕中心旋转180度重合,图形与几何,平行四边形中心对称
数学,知识点,人教版,九年级上册,圆,1,圆,到定点距离定长的点的集合,图形与几何,圆心半径确定圆
数学,知识点,人教版,九年级上册,圆,2,点直线圆位置关系,点在圆内上外、相切相交,图形与几何,d=r时相切
数学,知识点,人教版,九年级上册,圆,3,正多边形和圆,正多边形的外接圆,图形与几何,正方形可内接于圆
数学,知识点,人教版,九年级上册,圆,4,弧长和扇形面积,弧长nπr/180扇形nπr²/360,图形与几何,半径6圆心角90面积≈28.26
数学,知识点,人教版,九年级上册,概率初步,1,随机事件,可能发生也可能不发生的事件,统计与概率,掷骰子得6是随机
数学,知识点,人教版,九年级上册,概率初步,2,用列举法求概率,列表或树状图数结果,统计与概率,两硬币同正概率1/4
数学,知识点,人教版,九年级上册,概率初步,3,用频率估计概率,大量试验频率稳定于概率,统计与概率,抛币千次正面≈0.5
数学,知识点,人教版,九年级下册,反比例函数,1,反比例函数,形如y=k/x的函数,数与代数,y=6/x
数学,知识点,人教版,九年级下册,反比例函数,2,实际问题,用反比例建模,数与代数,面积一定长宽成反比
数学,知识点,人教版,九年级下册,相似,1,图形的相似,形状相同大小可不同,图形与几何,照片放大是相似
数学,知识点,人教版,九年级下册,相似,2,相似三角形,对应角相等边成比例,图形与几何,相似比2面积比4
数学,知识点,人教版,九年级下册,相似,3,位似,有特殊位似中心的相似,图形与几何,以一点为中心放大
数学,知识点,人教版,九年级下册,锐角三角函数,1,锐角三角函数,正弦余弦正切定义,图形与几何,sin30=1/2
数学,知识点,人教版,九年级下册,锐角三角函数,2,解直角三角形,用边角关系求未知元素,图形与几何,已知两直角边求角
数学,知识点,人教版,九年级下册,投影与视图,1,投影,平行光与中心光下的影子,图形与几何,阳光下影子平行
数学,知识点,人教版,九年级下册,投影与视图,2,三视图,主视俯视左视表达立体,图形与几何,三视图还原立体图
